ItemIndex,ItemGroup,Name,ItemType,MediumGroup,LowGroup,Class,Job,Gender,IsPeriod,IsAutoActive,Limite,FunctionIndex,LevelLimite,SortIndex,CanDelete,UI_Category,Unlock
111000101,1110001,(Old)K1 Rail,1,1,1,0,0,0,1,1,1440,0,0,390508390,1,1,0
111000102,1110001,(Old)K1 Rail,1,1,1,0,0,0,1,1,10080,0,0,390508390,1,1,0
111000103,1110001,(Old)K1 Rail,1,1,1,0,0,0,1,1,21600,0,0,390508390,1,1,0
111000104,1110001,(Old)K1 Rail,1,1,1,0,0,0,1,1,43200,0,0,390508390,1,1,0
111000105,1110001,(Old)K1 Rail,1,1,1,0,0,0,1,1,72000,0,0,390508390,1,1,0
111000201,1110002,(Old)M4 A1,1,1,1,0,0,0,1,1,1440,0,0,390508390,1,1,0
111000202,1110002,(Old)M4 A1,1,1,1,0,0,0,1,1,10080,0,0,390508390,1,1,0
111000203,1110002,(Old)M4 A1,1,1,1,0,0,0,1,1,21600,0,0,390508390,1,1,0
111000204,1110002,(Old)M4 A1,1,1,1,0,0,0,1,1,43200,0,0,390508390,1,1,0
111000205,1110002,(Old)M4 A1,1,1,1,0,0,0,1,1,72000,0,0,390508390,1,1,0
111000210,1110002,(Old)M4 A1,1,1,1,0,0,0,1,1,525600,0,0,390508390,1,1,0
111000301,1110003,(Old)XK2,1,1,1,0,0,0,1,1,1440,0,0,390508390,1,1,0
111000302,1110003,(Old)XK2,1,1,1,0,0,0,1,1,10080,0,0,390508390,1,1,0
111000303,1110003,(Old)XK2,1,1,1,0,0,0,1,1,21600,0,0,390508390,1,1,0
111000304,1110003,(Old)XK2,1,1,1,0,0,0,1,1,43200,0,0,390508390,1,1,0
111000305,1110003,(Old)XK2,1,1,1,0,0,0,1,1,72000,0,0,390508390,1,1,0
111000401,1110004,(Old)PDW K101,1,1,1,0,0,0,1,1,1440,0,0,390508390,1,1,0
111000402,1110004,(Old)PDW K101,1,1,1,0,0,0,1,1,10080,0,0,390508390,1,1,0
111000403,1110004,(Old)PDW K101,1,1,1,0,0,0,1,1,21600,0,0,390508390,1,1,0
111000404,1110004,(Old)PDW K101,1,1,1,0,0,0,1,1,43200,0,0,390508390,1,1,0
111000405,1110004,(Old)PDW K101,1,1,1,0,0,0,1,1,72000,0,0,390508390,1,1,0
111000501,1110005,(Old)PSD XR,1,1,1,0,0,0,1,1,1440,0,0,390508390,1,1,0
111000502,1110005,(Old)PSD XR,1,1,1,0,0,0,1,1,10080,0,0,390508390,1,1,0
111000503,1110005,(Old)PSD XR,1,1,1,0,0,0,1,1,21600,0,0,390508390,1,1,0
111000504,1110005,(Old)PSD XR,1,1,1,0,0,0,1,1,43200,0,0,390508390,1,1,0
111000505,1110005,(Old)PSD XR,1,1,1,0,0,0,1,1,72000,0,0,390508390,1,1,0
111000510,1110005,(Old)PSD XR,1,1,1,0,0,0,1,1,525600,0,0,390508390,1,1,0
111000901,1110009,(Old)AK 74u,1,1,1,0,0,0,1,1,1440,0,0,390508390,1,1,0
111000902,1110009,(Old)AK 74u,1,1,1,0,0,0,1,1,10080,0,0,390508390,1,1,0
111000903,1110009,(Old)AK 74u,1,1,1,0,0,0,1,1,21600,0,0,390508390,1,1,0
111000904,1110009,(Old)AK 74u,1,1,1,0,0,0,1,1,43200,0,0,390508390,1,1,0
111000905,1110009,(Old)AK 74u,1,1,1,0,0,0,1,1,72000,0,0,390508390,1,1,0
111001001,1110010,(Old)M4a1-Dsnake,1,1,1,0,0,0,1,1,1440,0,0,390107600,1,1,0
111001002,1110010,(Old)M4a1-Dsnake,1,1,1,0,0,0,1,1,10080,0,0,390107600,1,1,0
111001003,1110010,(Old)M4a1-Dsnake,1,1,1,0,0,0,1,1,21600,0,0,390107600,1,1,0
111001004,1110010,(Old)M4a1-Dsnake,1,1,1,0,0,0,1,1,43200,0,0,390107600,1,1,0
111001005,1110010,(Old)M4a1-Dsnake,1,1,1,0,0,0,1,1,72000,0,0,390107600,1,1,0
111001101,1110011,(Old)M4a1-JadeEd,1,1,1,0,0,0,1,0,1440,0,0,390909000,0,1,0
111001102,1110011,(Old)M4a1-JadeEd,1,1,1,0,0,0,1,0,10080,0,0,390909000,0,1,0
111001103,1110011,(Old)M4a1-JadeEd,1,1,1,0,0,0,1,0,21600,0,0,390909000,0,1,0
111001104,1110011,(Old)M4a1-JadeEd,1,1,1,0,0,0,1,0,43200,0,0,390909000,0,1,0
111001105,1110011,(Old)M4a1-JadeEd,1,1,1,0,0,0,1,0,72000,0,0,390909000,0,1,0
111001110,1110011,(Old)M4a1-JadeEd,1,1,1,0,0,0,1,0,525600,0,0,390909000,0,1,0
111001201,1110012,(Old)Azure PDW K101,1,1,1,0,0,0,1,1,1440,0,0,390107600,1,1,0
111001202,1110012,(Old)Azure PDW K101,1,1,1,0,0,0,1,1,10080,0,0,390107600,1,1,0
111001203,1110012,(Old)Azure PDW K101,1,1,1,0,0,0,1,1,21600,0,0,390107600,1,1,0
111001204,1110012,(Old)Azure PDW K101,1,1,1,0,0,0,1,1,43200,0,0,390107600,1,1,0
111001205,1110012,(Old)Azure PDW K101,1,1,1,0,0,0,1,1,72000,0,0,390107600,1,1,0
111001301,1110013,(Old)PDW K101-test,1,1,1,0,0,0,1,0,1440,0,0,390508390,0,1,0
111001302,1110013,(Old)PDW K101-test,1,1,1,0,0,0,1,0,10080,0,0,390508390,0,1,0
111001303,1110013,(Old)PDW K101-test,1,1,1,0,0,0,1,0,21600,0,0,390508390,0,1,0
111001304,1110013,(Old)PDW K101-test,1,1,1,0,0,0,1,0,43200,0,0,390508390,0,1,0
111001305,1110013,(Old)PDW K101-test,1,1,1,0,0,0,1,0,72000,0,0,390508390,0,1,0
111001401,1110014,(Old)PSD XR-Gold,1,1,1,0,0,0,1,0,1440,0,0,390909000,0,1,0
111001402,1110014,(Old)PSD XR-Gold,1,1,1,0,0,0,1,0,10080,0,0,390909000,0,1,0
111001403,1110014,(Old)PSD XR-Gold,1,1,1,0,0,0,1,0,21600,0,0,390909000,0,1,0
111001404,1110014,(Old)PSD XR-Gold,1,1,1,0,0,0,1,0,43200,0,0,390909000,0,1,0
111001405,1110014,(Old)PSD XR-Gold,1,1,1,0,0,0,1,0,72000,0,0,390909000,0,1,0
111001406,1110014,(Old)PSD XR-Gold,1,1,1,0,0,0,1,0,129600,0,0,390909000,0,1,0
111001501,1110015,(Old)PSD XR-Splendor,1,1,1,0,0,0,1,0,1440,0,0,390508390,0,1,0
111001502,1110015,(Old)PSD XR-Splendor,1,1,1,0,0,0,1,0,10080,0,0,390508390,0,1,0
111001503,1110015,(Old)PSD XR-Splendor,1,1,1,0,0,0,1,0,21600,0,0,390508390,0,1,0
111001504,1110015,(Old)PSD XR-Splendor,1,1,1,0,0,0,1,0,43200,0,0,390508390,0,1,0
111001505,1110015,(Old)PSD XR-Splendor,1,1,1,0,0,0,1,0,72000,0,0,390508390,0,1,0
111001506,1110015,(Old)PSD XR-Splendor,1,1,1,0,0,0,1,0,129600,0,0,390508390,0,1,0
111001510,1110015,(Old)PSD XR-Splendor,1,1,1,0,0,0,1,0,525600,0,0,390508390,0,1,0
111001601,1110016,(Old)FAMAS-F1,1,1,1,0,0,0,1,1,1440,0,0,390508390,1,1,0
111001602,1110016,(Old)FAMAS-F1,1,1,1,0,0,0,1,1,10080,0,0,390508390,1,1,0
111001603,1110016,(Old)FAMAS-F1,1,1,1,0,0,0,1,1,21600,0,0,390508390,1,1,0
111001604,1110016,(Old)FAMAS-F1,1,1,1,0,0,0,1,1,43200,0,0,390508390,1,1,0
111001605,1110016,(Old)FAMAS-F1,1,1,1,0,0,0,1,1,72000,0,0,390508390,1,1,0
111001701,1110017,(Old)FAMAS X-mas,1,1,1,0,0,0,1,0,1440,0,0,390508390,0,1,0
111001702,1110017,(Old)FAMAS X-mas,1,1,1,0,0,0,1,0,10080,0,0,390508390,0,1,0
111001703,1110017,(Old)FAMAS X-mas,1,1,1,0,0,0,1,0,21600,0,0,390508390,0,1,0
111001704,1110017,(Old)FAMAS X-mas,1,1,1,0,0,0,1,0,43200,0,0,390508390,0,1,0
111001705,1110017,(Old)FAMAS X-mas,1,1,1,0,0,0,1,0,72000,0,0,390508390,0,1,0
111001801,1110018,(Old)PDW K101-Gold,1,1,1,0,0,0,1,0,1440,0,0,390909000,0,1,0
111001802,1110018,(Old)PDW K101-Gold,1,1,1,0,0,0,1,0,10080,0,0,390909000,0,1,0
111001803,1110018,(Old)PDW K101-Gold,1,1,1,0,0,0,1,0,21600,0,0,390909000,0,1,0
111001804,1110018,(Old)PDW K101-Gold,1,1,1,0,0,0,1,0,43200,0,0,390909000,0,1,0
111001805,1110018,(Old)PDW K101-Gold,1,1,1,0,0,0,1,0,72000,0,0,390909000,0,1,0
111001806,1110018,(Old)PDW K101-Gold,1,1,1,0,0,0,1,0,129600,0,0,390909000,0,1,0
111001810,1110018,(Old)PDW K101-Gold,1,1,1,0,0,0,1,0,525600,0,0,390909000,0,1,0
111001901,1110019,(Old)M4a1-Gold,1,1,1,0,0,0,1,0,1440,0,0,390909000,0,1,0
111001902,1110019,(Old)M4a1-Gold,1,1,1,0,0,0,1,0,10080,0,0,390909000,0,1,0
111001903,1110019,(Old)M4a1-Gold,1,1,1,0,0,0,1,0,21600,0,0,390909000,0,1,0
111001904,1110019,(Old)M4a1-Gold,1,1,1,0,0,0,1,0,43200,0,0,390909000,0,1,0
111001905,1110019,(Old)M4a1-Gold,1,1,1,0,0,0,1,0,72000,0,0,390909000,0,1,0
111001906,1110019,(Old)M4a1-Gold,1,1,1,0,0,0,1,0,129600,0,0,390909000,0,1,0
111002001,1110020,(Old)Azure PDW K101_Cash,1,1,1,0,0,0,1,0,1440,0,0,390508390,0,1,0
111002002,1110020,(Old)Azure PDW K101_Cash,1,1,1,0,0,0,1,0,10080,0,0,390508390,0,1,0
111002003,1110020,(Old)Azure PDW K101_Cash,1,1,1,0,0,0,1,0,21600,0,0,390508390,0,1,0
111002004,1110020,(Old)Azure PDW K101_Cash,1,1,1,0,0,0,1,0,43200,0,0,390508390,0,1,0
111002005,1110020,(Old)Azure PDW K101_Cash,1,1,1,0,0,0,1,0,72000,0,0,390508390,0,1,0
111002006,1110020,(Old)Azure PDW K101_Cash,1,1,1,0,0,0,1,0,129600,0,0,390508390,0,1,0
111002101,1110021,(Old)PDW K101_Cash,1,1,1,0,0,0,1,0,1440,0,0,390508390,0,1,0
111002102,1110021,(Old)PDW K101_Cash,1,1,1,0,0,0,1,0,10080,0,0,390508390,0,1,0
111002103,1110021,(Old)PDW K101_Cash,1,1,1,0,0,0,1,0,21600,0,0,390508390,0,1,0
111002104,1110021,(Old)PDW K101_Cash,1,1,1,0,0,0,1,0,43200,0,0,390508390,0,1,0
111002105,1110021,(Old)PDW K101_Cash,1,1,1,0,0,0,1,0,72000,0,0,390508390,0,1,0
111002201,1110022,(Old)Azure PDW K101_Unlimit,1,1,1,0,0,0,1,1,99999999,0,0,390508390,0,1,0
111002301,1110023,(Old)PDW K101_Unlimit,1,1,1,0,0,0,1,1,99999999,0,0,390508390,0,1,0
111002401,1110024,(Old)M4a1-GoldMarble,1,1,1,0,0,0,1,0,1440,0,0,390909000,0,1,0
111002402,1110024,(Old)M4a1-GoldMarble,1,1,1,0,0,0,1,0,10080,0,0,390909000,0,1,0
111002403,1110024,(Old)M4a1-GoldMarble,1,1,1,0,0,0,1,0,21600,0,0,390909000,0,1,0
111002404,1110024,(Old)M4a1-GoldMarble,1,1,1,0,0,0,1,0,43200,0,0,390909000,0,1,0
111002405,1110024,(Old)M4a1-GoldMarble,1,1,1,0,0,0,1,0,72000,0,0,390909000,0,1,0
111002406,1110024,(Old)M4a1-GoldMarble,1,1,1,0,0,0,1,0,129600,0,0,390909000,0,1,0
111002501,1110025,(Old)PSD XR-GoldMarble,1,1,1,0,0,0,1,0,1440,0,0,390909000,0,1,0
111002502,1110025,(Old)PSD XR-GoldMarble,1,1,1,0,0,0,1,0,10080,0,0,390909000,0,1,0
111002503,1110025,(Old)PSD XR-GoldMarble,1,1,1,0,0,0,1,0,21600,0,0,390909000,0,1,0
111002504,1110025,(Old)PSD XR-GoldMarble,1,1,1,0,0,0,1,0,43200,0,0,390909000,0,1,0
111002505,1110025,(Old)PSD XR-GoldMarble,1,1,1,0,0,0,1,0,72000,0,0,390909000,0,1,0
111002506,1110025,(Old)PSD XR-GoldMarble,1,1,1,0,0,0,1,0,129600,0,0,390909000,0,1,0
111002601,1110026,AUG A1(NewBase),1,1,1,0,0,0,1,0,1440,0,0,390508390,0,1,0
111002602,1110026,AUG A1(NewBase),1,1,1,0,0,0,1,0,10080,0,0,390508390,0,1,0
111002603,1110026,AUG A1(NewBase),1,1,1,0,0,0,1,0,21600,0,0,390508390,0,1,0
111002604,1110026,AUG A1(NewBase),1,1,1,0,0,0,1,0,43200,0,0,390508390,0,1,0
111002605,1110026,AUG A1(NewBase),1,1,1,0,0,0,1,0,72000,0,0,390508390,0,1,0
111002606,1110026,AUG A1(NewBase),1,1,1,0,0,0,1,0,129600,0,0,390508390,0,1,0
111002701,1110027,FN-SCAR(NewBase),1,1,1,0,0,0,1,0,1440,0,0,390508390,0,1,0
111002702,1110027,FN-SCAR(NewBase),1,1,1,0,0,0,1,0,10080,0,0,390508390,0,1,0
111002703,1110027,FN-SCAR(NewBase),1,1,1,0,0,0,1,0,21600,0,0,390508390,0,1,0
111002704,1110027,FN-SCAR(NewBase),1,1,1,0,0,0,1,0,43200,0,0,390508390,0,1,0
111002705,1110027,FN-SCAR(NewBase),1,1,1,0,0,0,1,0,72000,0,0,390508390,0,1,0
111002706,1110027,FN-SCAR(NewBase),1,1,1,0,0,0,1,0,129600,0,0,390508390,0,1,0
111002801,1110028,(Old)PDW K101-Cute,1,1,1,0,0,0,1,0,1440,0,0,390909000,0,1,0
111002802,1110028,(Old)PDW K101-Cute,1,1,1,0,0,0,1,0,10080,0,0,390909000,0,1,0
111002803,1110028,(Old)PDW K101-Cute,1,1,1,0,0,0,1,0,21600,0,0,390909000,0,1,0
111002804,1110028,(Old)PDW K101-Cute,1,1,1,0,0,0,1,0,43200,0,0,390909000,0,1,0
111002805,1110028,(Old)PDW K101-Cute,1,1,1,0,0,0,1,0,72000,0,0,390909000,0,1,0
111002806,1110028,(Old)PDW K101-Cute,1,1,1,0,0,0,1,0,129600,0,0,390909000,0,1,0
111002901,1110029,(Old)PDW K101-Cute Plus,1,1,1,0,0,0,1,0,1440,0,0,390909000,0,1,0
111002902,1110029,(Old)PDW K101-Cute Plus,1,1,1,0,0,0,1,0,10080,0,0,390909000,0,1,0
111002903,1110029,(Old)PDW K101-Cute Plus,1,1,1,0,0,0,1,0,21600,0,0,390909000,0,1,0
111002904,1110029,(Old)PDW K101-Cute Plus,1,1,1,0,0,0,1,0,43200,0,0,390909000,0,1,0
111002905,1110029,(Old)PDW K101-Cute Plus,1,1,1,0,0,0,1,0,72000,0,0,390909000,0,1,0
111003001,1110030,(Old)PDW K101-Aqua,1,1,1,0,0,0,1,0,1440,0,0,390909000,0,1,0
111003002,1110030,(Old)PDW K101-Aqua,1,1,1,0,0,0,1,0,10080,0,0,390909000,0,1,0
111003003,1110030,(Old)PDW K101-Aqua,1,1,1,0,0,0,1,0,21600,0,0,390909000,0,1,0
111003004,1110030,(Old)PDW K101-Aqua,1,1,1,0,0,0,1,0,43200,0,0,390909000,0,1,0
111003005,1110030,(Old)PDW K101-Aqua,1,1,1,0,0,0,1,0,72000,0,0,390909000,0,1,0
111003101,1110031,PDW K101-Aqua Plus,1,1,1,0,0,0,1,0,1440,0,0,390909000,0,1,0
111003102,1110031,PDW K101-Aqua Plus,1,1,1,0,0,0,1,0,10080,0,0,390909000,0,1,0
111003103,1110031,PDW K101-Aqua Plus,1,1,1,0,0,0,1,0,21600,0,0,390909000,0,1,0
111003104,1110031,PDW K101-Aqua Plus,1,1,1,0,0,0,1,0,43200,0,0,390909000,0,1,0
111003105,1110031,PDW K101-Aqua Plus,1,1,1,0,0,0,1,0,72000,0,0,390909000,0,1,0
111003106,1110031,PDW K101-Aqua Plus,1,1,1,0,0,0,1,0,129600,0,0,390909000,0,1,0
111003201,1110032,Winter K1,1,1,1,0,0,0,1,0,1440,0,0,390909000,0,1,0
111003202,1110032,Winter K1,1,1,1,0,0,0,1,0,10080,0,0,390909000,0,1,0
111003203,1110032,Winter K1,1,1,1,0,0,0,1,0,21600,0,0,390909000,0,1,0
111003204,1110032,Winter K1,1,1,1,0,0,0,1,0,43200,0,0,390909000,0,1,0
111003205,1110032,Winter K1,1,1,1,0,0,0,1,0,72000,0,0,390909000,0,1,0
111003206,1110032,Winter K1,1,1,1,0,0,0,1,0,129600,0,0,390909000,0,1,0
111003301,1110033,K1 Rail(NewBase),1,1,1,0,0,0,1,1,1440,0,0,390508390,1,1,0
111003302,1110033,K1 Rail(NewBase),1,1,1,0,0,0,1,1,10080,0,0,390508390,1,1,0
111003303,1110033,K1 Rail(NewBase),1,1,1,0,0,0,1,1,21600,0,0,390508390,1,1,0
111003304,1110033,K1 Rail(NewBase),1,1,1,0,0,0,1,1,43200,0,0,390508390,1,1,0
111003305,1110033,K1 Rail(NewBase),1,1,1,0,0,0,1,1,72000,0,0,390508390,1,1,0
111003306,1110033,K1 Rail(NewBase),1,1,1,0,0,0,1,1,129600,0,0,390508390,1,1,0
111003401,1110034,Winter K1 Plus,1,1,1,0,0,0,1,0,1440,0,0,390909000,0,1,0
111003402,1110034,Winter K1 Plus,1,1,1,0,0,0,1,0,10080,0,0,390909000,0,1,0
111003403,1110034,Winter K1 Plus,1,1,1,0,0,0,1,0,21600,0,0,390909000,0,1,0
111003404,1110034,Winter K1 Plus,1,1,1,0,0,0,1,0,43200,0,0,390909000,0,1,0
111003405,1110034,Winter K1 Plus,1,1,1,0,0,0,1,0,72000,0,0,390909000,0,1,0
111003406,1110034,Winter K1 Plus,1,1,1,0,0,0,1,0,129600,0,0,390909000,0,1,0
111003410,1110034,Winter K1 Plus,1,1,1,0,0,0,1,0,525600,0,0,390909000,0,1,0
111003501,1110035,M4a1(NewBase),1,1,1,0,0,0,1,1,1440,0,0,390508390,1,1,0
111003502,1110035,M4a1(NewBase),1,1,1,0,0,0,1,1,10080,0,0,390508390,1,1,0
111003503,1110035,M4a1(NewBase),1,1,1,0,0,0,1,1,21600,0,0,390508390,1,1,0
111003504,1110035,M4a1(NewBase),1,1,1,0,0,0,1,1,43200,0,0,390508390,1,1,0
111003505,1110035,M4a1(NewBase),1,1,1,0,0,0,1,1,72000,0,0,390508390,1,1,0
111003506,1110035,M4a1(NewBase),1,1,1,0,0,0,1,1,129600,0,0,390508390,1,1,0
111003601,1110036,M4a1-Gold,1,1,1,0,0,0,1,0,1440,0,0,390508390,0,1,0
111003602,1110036,M4a1-Gold,1,1,1,0,0,0,1,0,10080,0,0,390508390,0,1,0
111003603,1110036,M4a1-Gold,1,1,1,0,0,0,1,0,21600,0,0,390508390,0,1,0
111003604,1110036,M4a1-Gold,1,1,1,0,0,0,1,0,43200,0,0,390508390,0,1,0
111003605,1110036,M4a1-Gold,1,1,1,0,0,0,1,0,72000,0,0,390508390,0,1,0
111003606,1110036,M4a1-Gold,1,1,1,0,0,0,1,0,129600,0,0,390508390,0,1,0
111003610,1110036,M4a1-Gold,1,1,1,0,0,0,1,0,525600,0,0,390508390,0,1,0
111003701,1110037,M4a1-Dsnake(Achieve),1,1,1,0,0,0,1,1,1440,0,0,390107600,1,1,1
111003702,1110037,M4a1-Dsnake(Achieve),1,1,1,0,0,0,1,1,10080,0,0,390107600,1,1,1
111003703,1110037,M4a1-Dsnake(Achieve),1,1,1,0,0,0,1,1,21600,0,0,390107600,1,1,1
111003704,1110037,M4a1-Dsnake(Achieve),1,1,1,0,0,0,1,1,43200,0,0,390107600,1,1,1
111003705,1110037,M4a1-Dsnake(Achieve),1,1,1,0,0,0,1,1,72000,0,0,390107600,1,1,1
111003706,1110037,M4a1-Dsnake(Achieve),1,1,1,0,0,0,1,1,129600,0,0,390107600,1,1,1
111003801,1110038,M4a1-Dsnake(Cash),1,1,1,0,0,0,1,0,1440,0,0,390909000,0,1,0
111003802,1110038,M4a1-Dsnake(Cash),1,1,1,0,0,0,1,0,10080,0,0,390909000,0,1,0
111003803,1110038,M4a1-Dsnake(Cash),1,1,1,0,0,0,1,0,21600,0,0,390909000,0,1,0
111003804,1110038,M4a1-Dsnake(Cash),1,1,1,0,0,0,1,0,43200,0,0,390909000,0,1,0
111003805,1110038,M4a1-Dsnake(Cash),1,1,1,0,0,0,1,0,72000,0,0,390909000,0,1,0
111003806,1110038,M4a1-Dsnake(Cash),1,1,1,0,0,0,1,0,129600,0,0,390909000,0,1,0
111003901,1110039,M4a1-JadeEd,1,1,1,0,0,0,1,0,1440,0,0,390909000,0,1,0
111003902,1110039,M4a1-JadeEd,1,1,1,0,0,0,1,0,10080,0,0,390909000,0,1,0
111003903,1110039,M4a1-JadeEd,1,1,1,0,0,0,1,0,21600,0,0,390909000,0,1,0
111003904,1110039,M4a1-JadeEd,1,1,1,0,0,0,1,0,43200,0,0,390909000,0,1,0
111003905,1110039,M4a1-JadeEd,1,1,1,0,0,0,1,0,72000,0,0,390909000,0,1,0
111003906,1110039,M4a1-JadeEd,1,1,1,0,0,0,1,0,129600,0,0,390909000,0,1,0
111003910,1110039,M4a1-JadeEd,1,1,1,0,0,0,1,0,525600,0,0,390909000,0,1,0
111004001,1110040,XK2(NewBase),1,1,1,0,0,0,1,1,1440,0,0,390508390,1,1,0
111004002,1110040,XK2(NewBase),1,1,1,0,0,0,1,1,10080,0,0,390508390,1,1,0
111004003,1110040,XK2(NewBase),1,1,1,0,0,0,1,1,21600,0,0,390508390,1,1,0
111004004,1110040,XK2(NewBase),1,1,1,0,0,0,1,1,43200,0,0,390508390,1,1,0
111004005,1110040,XK2(NewBase),1,1,1,0,0,0,1,1,72000,0,0,390508390,1,1,0
111004006,1110040,XK2(NewBase),1,1,1,0,0,0,1,1,129600,0,0,390508390,1,1,0
111004101,1110041,PDW K101(NewBase),1,1,1,0,0,0,1,1,1440,0,0,390508390,1,1,0
111004102,1110041,PDW K101(NewBase),1,1,1,0,0,0,1,1,10080,0,0,390508390,1,1,0
111004103,1110041,PDW K101(NewBase),1,1,1,0,0,0,1,1,21600,0,0,390508390,1,1,0
111004104,1110041,PDW K101(NewBase),1,1,1,0,0,0,1,1,43200,0,0,390508390,1,1,0
111004105,1110041,PDW K101(NewBase),1,1,1,0,0,0,1,1,72000,0,0,390508390,1,1,0
111004106,1110041,PDW K101(NewBase),1,1,1,0,0,0,1,1,129600,0,0,390508390,1,1,0
111004201,1110042,PDW K101-Gold,1,1,1,0,0,0,1,0,1440,0,0,390508390,0,1,0
111004202,1110042,PDW K101-Gold,1,1,1,0,0,0,1,0,10080,0,0,390508390,0,1,0
111004203,1110042,PDW K101-Gold,1,1,1,0,0,0,1,0,21600,0,0,390508390,0,1,0
111004204,1110042,PDW K101-Gold,1,1,1,0,0,0,1,0,43200,0,0,390508390,0,1,0
111004205,1110042,PDW K101-Gold,1,1,1,0,0,0,1,0,72000,0,0,390508390,0,1,0
111004206,1110042,PDW K101-Gold,1,1,1,0,0,0,1,0,129600,0,0,390508390,0,1,0
111004210,1110042,PDW K101-Gold,1,1,1,0,0,0,1,0,525600,0,0,390508390,0,1,0
111004301,1110043,Azure PDW K101(Achieve),1,1,1,0,0,0,1,1,1440,0,0,390107600,1,1,1
111004302,1110043,Azure PDW K101(Achieve),1,1,1,0,0,0,1,1,10080,0,0,390107600,1,1,1
111004303,1110043,Azure PDW K101(Achieve),1,1,1,0,0,0,1,1,21600,0,0,390107600,1,1,1
111004304,1110043,Azure PDW K101(Achieve),1,1,1,0,0,0,1,1,43200,0,0,390107600,1,1,1
111004305,1110043,Azure PDW K101(Achieve),1,1,1,0,0,0,1,1,72000,0,0,390107600,1,1,1
111004306,1110043,Azure PDW K101(Achieve),1,1,1,0,0,0,1,1,129600,0,0,390107600,1,1,1
111004401,1110044,Azure PDW K101(Cash),1,1,1,0,0,0,1,0,1440,0,0,390909000,0,1,0
111004402,1110044,Azure PDW K101(Cash),1,1,1,0,0,0,1,0,10080,0,0,390909000,0,1,0
111004403,1110044,Azure PDW K101(Cash),1,1,1,0,0,0,1,0,21600,0,0,390909000,0,1,0
111004404,1110044,Azure PDW K101(Cash),1,1,1,0,0,0,1,0,43200,0,0,390909000,0,1,0
111004405,1110044,Azure PDW K101(Cash),1,1,1,0,0,0,1,0,72000,0,0,390909000,0,1,0
111004406,1110044,Azure PDW K101(Cash),1,1,1,0,0,0,1,0,129600,0,0,390909000,0,1,0
111004501,1110045,PSD XR(NewBase),1,1,1,0,0,0,1,1,1440,0,0,390508390,1,1,0
111004502,1110045,PSD XR(NewBase),1,1,1,0,0,0,1,1,10080,0,0,390508390,1,1,0
111004503,1110045,PSD XR(NewBase),1,1,1,0,0,0,1,1,21600,0,0,390508390,1,1,0
111004504,1110045,PSD XR(NewBase),1,1,1,0,0,0,1,1,43200,0,0,390508390,1,1,0
111004505,1110045,PSD XR(NewBase),1,1,1,0,0,0,1,1,72000,0,0,390508390,1,1,0
111004506,1110045,PSD XR(NewBase),1,1,1,0,0,0,1,1,129600,0,0,390508390,1,1,0
111004601,1110046,PSD XR-Gold,1,1,1,0,0,0,1,0,1440,0,0,390508390,0,1,0
111004602,1110046,PSD XR-Gold,1,1,1,0,0,0,1,0,10080,0,0,390508390,0,1,0
111004603,1110046,PSD XR-Gold,1,1,1,0,0,0,1,0,21600,0,0,390508390,0,1,0
111004604,1110046,PSD XR-Gold,1,1,1,0,0,0,1,0,43200,0,0,390508390,0,1,0
111004605,1110046,PSD XR-Gold,1,1,1,0,0,0,1,0,72000,0,0,390508390,0,1,0
111004606,1110046,PSD XR-Gold,1,1,1,0,0,0,1,0,129600,0,0,390508390,0,1,0
111004610,1110046,PSD XR-Gold,1,1,1,0,0,0,1,0,525600,0,0,390508390,0,1,0
111004701,1110047,PSD XR-Splendor,1,1,1,0,0,0,1,0,1440,0,0,390909000,0,1,0
111004702,1110047,PSD XR-Splendor,1,1,1,0,0,0,1,0,10080,0,0,390909000,0,1,0
111004703,1110047,PSD XR-Splendor,1,1,1,0,0,0,1,0,21600,0,0,390909000,0,1,0
111004704,1110047,PSD XR-Splendor,1,1,1,0,0,0,1,0,43200,0,0,390909000,0,1,0
111004705,1110047,PSD XR-Splendor,1,1,1,0,0,0,1,0,72000,0,0,390909000,0,1,0
111004706,1110047,PSD XR-Splendor,1,1,1,0,0,0,1,0,129600,0,0,390909000,0,1,0
111004710,1110047,PSD XR-Splendor,1,1,1,0,0,0,1,0,525600,0,0,390909000,0,1,0
111004801,1110048,AK 74u(NewBase),1,1,1,0,0,0,1,1,1440,0,0,390508390,1,1,0
111004802,1110048,AK 74u(NewBase),1,1,1,0,0,0,1,1,10080,0,0,390508390,1,1,0
111004803,1110048,AK 74u(NewBase),1,1,1,0,0,0,1,1,21600,0,0,390508390,1,1,0
111004804,1110048,AK 74u(NewBase),1,1,1,0,0,0,1,1,43200,0,0,390508390,1,1,0
111004805,1110048,AK 74u(NewBase),1,1,1,0,0,0,1,1,72000,0,0,390508390,1,1,0
111004806,1110048,AK 74u(NewBase),1,1,1,0,0,0,1,1,129600,0,0,390508390,1,1,0
111004901,1110049,FAMAS-F1(NewBase),1,1,1,0,0,0,1,1,1440,0,0,390508390,1,1,0
111004902,1110049,FAMAS-F1(NewBase),1,1,1,0,0,0,1,1,10080,0,0,390508390,1,1,0
111004903,1110049,FAMAS-F1(NewBase),1,1,1,0,0,0,1,1,21600,0,0,390508390,1,1,0
111004904,1110049,FAMAS-F1(NewBase),1,1,1,0,0,0,1,1,43200,0,0,390508390,1,1,0
111004905,1110049,FAMAS-F1(NewBase),1,1,1,0,0,0,1,1,72000,0,0,390508390,1,1,0
111004906,1110049,FAMAS-F1(NewBase),1,1,1,0,0,0,1,1,129600,0,0,390508390,1,1,0
111005001,1110050,Amber FAMAS,1,1,1,0,0,0,1,0,1440,0,0,390909000,0,1,0
111005002,1110050,Amber FAMAS,1,1,1,0,0,0,1,0,10080,0,0,390909000,0,1,0
111005003,1110050,Amber FAMAS,1,1,1,0,0,0,1,0,21600,0,0,390909000,0,1,0
111005004,1110050,Amber FAMAS,1,1,1,0,0,0,1,0,43200,0,0,390909000,0,1,0
111005005,1110050,Amber FAMAS,1,1,1,0,0,0,1,0,72000,0,0,390909000,0,1,0
111005006,1110050,Amber FAMAS,1,1,1,0,0,0,1,0,129600,0,0,390909000,0,1,0
111005101,1110051,Amber FAMAS Plus,1,1,1,0,0,0,1,0,1440,0,0,390909000,0,1,0
111005102,1110051,Amber FAMAS Plus,1,1,1,0,0,0,1,0,10080,0,0,390909000,0,1,0
111005103,1110051,Amber FAMAS Plus,1,1,1,0,0,0,1,0,21600,0,0,390909000,0,1,0
111005104,1110051,Amber FAMAS Plus,1,1,1,0,0,0,1,0,43200,0,0,390909000,0,1,0
111005105,1110051,Amber FAMAS Plus,1,1,1,0,0,0,1,0,72000,0,0,390909000,0,1,0
111005106,1110051,Amber FAMAS Plus,1,1,1,0,0,0,1,0,129600,0,0,390909000,0,1,0
111005201,1110052,PDW K101-Aqua_Unlimit,1,1,1,0,0,0,1,1,99999999,0,0,390909000,0,1,0
111005301,1110053,PDW K101_Unlimit,1,1,1,0,0,0,1,1,99999999,0,0,390909000,0,1,0
111005401,1110054,M4a1-JadeEd_Unlimit,1,1,1,0,0,0,1,1,99999999,0,0,390909000,0,1,0
111005501,1110055,M4a1_Unlimit,1,1,1,0,0,0,1,1,99999999,0,0,390909000,0,1,0
111005601,1110056,(Bombmode)PDW K101-Aqua,1,1,1,0,0,0,1,1,60,0,0,390909000,1,1,0
111005701,1110057,AUG A3 SE,1,1,1,0,0,0,1,0,1440,0,0,390508390,0,1,0
111005702,1110057,AUG A3 SE,1,1,1,0,0,0,1,0,10080,0,0,390508390,0,1,0
111005703,1110057,AUG A3 SE,1,1,1,0,0,0,1,0,21600,0,0,390508390,0,1,0
111005704,1110057,AUG A3 SE,1,1,1,0,0,0,1,0,43200,0,0,390508390,0,1,0
111005705,1110057,AUG A3 SE,1,1,1,0,0,0,1,0,72000,0,0,390508390,0,1,0
111005706,1110057,AUG A3 SE,1,1,1,0,0,0,1,0,129600,0,0,390508390,0,1,0
111005710,1110057,AUG A3 SE,1,1,1,0,0,0,1,0,525600,0,0,390508390,0,1,0
111005801,1110058,FN-SCAR-H SE,1,1,1,0,0,0,1,0,1440,0,0,390508390,0,1,0
111005802,1110058,FN-SCAR-H SE,1,1,1,0,0,0,1,0,10080,0,0,390508390,0,1,0
111005803,1110058,FN-SCAR-H SE,1,1,1,0,0,0,1,0,21600,0,0,390508390,0,1,0
111005804,1110058,FN-SCAR-H SE,1,1,1,0,0,0,1,0,43200,0,0,390508390,0,1,0
111005805,1110058,FN-SCAR-H SE,1,1,1,0,0,0,1,0,72000,0,0,390508390,0,1,0
111005806,1110058,FN-SCAR-H SE,1,1,1,0,0,0,1,0,129600,0,0,390508390,0,1,0
111005810,1110058,FN-SCAR-H SE,1,1,1,0,0,0,1,0,525600,0,0,390508390,0,1,0
111009999,1110099,XM177-EX,1,1,1,0,0,0,1,1,0,0,0,390508390,0,1,0
112000101,1120001,(Old)AK47,1,1,2,0,0,0,1,1,1440,0,0,390508200,1,1,0
112000102,1120001,(Old)AK47,1,1,2,0,0,0,1,1,10080,0,0,390508200,1,1,0
112000103,1120001,(Old)AK47,1,1,2,0,0,0,1,1,21600,0,0,390508200,1,1,0
112000104,1120001,(Old)AK47,1,1,2,0,0,0,1,1,43200,0,0,390508200,1,1,0
112000105,1120001,(Old)AK47,1,1,2,0,0,0,1,1,72000,0,0,390508200,1,1,0
112000201,1120002,(Old)PC_AK47,1,1,2,0,0,0,1,1,0,0,0,390508200,1,1,0
112000301,1120003,(Old)AK47 X-mas,1,1,2,0,0,0,1,0,1440,0,0,390908900,0,1,0
112000302,1120003,(Old)AK47 X-mas,1,1,2,0,0,0,1,0,10080,0,0,390908900,0,1,0
112000303,1120003,(Old)AK47 X-mas,1,1,2,0,0,0,1,0,21600,0,0,390908900,0,1,0
112000304,1120003,(Old)AK47 X-mas,1,1,2,0,0,0,1,0,43200,0,0,390908900,0,1,0
112000305,1120003,(Old)AK47 X-mas,1,1,2,0,0,0,1,0,72000,0,0,390908900,0,1,0
112000401,1120004,Precious AK47,1,1,2,0,0,0,1,0,1440,0,0,390908900,0,1,0
112000402,1120004,Precious AK47,1,1,2,0,0,0,1,0,10080,0,0,390908900,0,1,0
112000403,1120004,Precious AK47,1,1,2,0,0,0,1,0,21600,0,0,390908900,0,1,0
112000404,1120004,Precious AK47,1,1,2,0,0,0,1,0,43200,0,0,390908900,0,1,0
112000405,1120004,Precious AK47,1,1,2,0,0,0,1,0,72000,0,0,390908900,0,1,0
112000406,1120004,Precious AK47,1,1,2,0,0,0,1,0,129600,0,0,390908900,0,1,0
112000410,1120004,Precious AK47,1,1,2,0,0,0,1,0,525600,0,0,390908900,0,1,0
112000501,1120005,(Old)AK47-Gold,1,1,2,0,0,0,1,0,1440,0,0,390908900,0,1,0
112000502,1120005,(Old)AK47-Gold,1,1,2,0,0,0,1,0,10080,0,0,390908900,0,1,0
112000503,1120005,(Old)AK47-Gold,1,1,2,0,0,0,1,0,21600,0,0,390908900,0,1,0
112000504,1120005,(Old)AK47-Gold,1,1,2,0,0,0,1,0,43200,0,0,390908900,0,1,0
112000505,1120005,(Old)AK47-Gold,1,1,2,0,0,0,1,0,72000,0,0,390908900,0,1,0
112000506,1120005,(Old)AK47-Gold,1,1,2,0,0,0,1,0,129600,0,0,390908900,0,1,0
112000510,1120005,(Old)AK47-Gold,1,1,2,0,0,0,1,0,525600,0,0,390908900,0,1,0
112000601,1120006,AK47(NewBase),1,1,2,0,0,0,1,1,1440,0,0,390508200,1,1,0
112000602,1120006,AK47(NewBase),1,1,2,0,0,0,1,1,10080,0,0,390508200,1,1,0
112000603,1120006,AK47(NewBase),1,1,2,0,0,0,1,1,21600,0,0,390508200,1,1,0
112000604,1120006,AK47(NewBase),1,1,2,0,0,0,1,1,43200,0,0,390508200,1,1,0
112000605,1120006,AK47(NewBase),1,1,2,0,0,0,1,1,72000,0,0,390508200,1,1,0
112000606,1120006,AK47(NewBase),1,1,2,0,0,0,1,1,129600,0,0,390508200,1,1,0
112000701,1120007,AK47-Gold,1,1,2,0,0,0,1,0,1440,0,0,390508200,0,1,0
112000702,1120007,AK47-Gold,1,1,2,0,0,0,1,0,10080,0,0,390508200,0,1,0
112000703,1120007,AK47-Gold,1,1,2,0,0,0,1,0,21600,0,0,390508200,0,1,0
112000704,1120007,AK47-Gold,1,1,2,0,0,0,1,0,43200,0,0,390508200,0,1,0
112000705,1120007,AK47-Gold,1,1,2,0,0,0,1,0,72000,0,0,390508200,0,1,0
112000706,1120007,AK47-Gold,1,1,2,0,0,0,1,0,129600,0,0,390508200,0,1,0
112000710,1120007,AK47-Gold,1,1,2,0,0,0,1,0,525600,0,0,390508200,0,1,0
113000101,1130001,(Old)M3TC,1,1,3,0,0,0,1,1,1440,0,0,390508100,1,1,0
113000102,1130001,(Old)M3TC,1,1,3,0,0,0,1,1,10080,0,0,390508100,1,1,0
113000103,1130001,(Old)M3TC,1,1,3,0,0,0,1,1,21600,0,0,390508100,1,1,0
113000104,1130001,(Old)M3TC,1,1,3,0,0,0,1,1,43200,0,0,390508100,1,1,0
113000105,1130001,(Old)M3TC,1,1,3,0,0,0,1,1,72000,0,0,390508100,1,1,0
113000201,1130002,(Old)Double-Barreled,1,1,3,0,0,0,1,1,1440,0,0,390508100,1,1,0
113000202,1130002,(Old)Double-Barreled,1,1,3,0,0,0,1,1,10080,0,0,390508100,1,1,0
113000203,1130002,(Old)Double-Barreled,1,1,3,0,0,0,1,1,21600,0,0,390508100,1,1,0
113000204,1130002,(Old)Double-Barreled,1,1,3,0,0,0,1,1,43200,0,0,390508100,1,1,0
113000205,1130002,(Old)Double-Barreled,1,1,3,0,0,0,1,1,72000,0,0,390508100,1,1,0
113000301,1130003,(Old)M3TC-C,1,1,3,0,0,0,1,1,1440,0,0,390107400,1,1,0
113000302,1130003,(Old)M3TC-C,1,1,3,0,0,0,1,1,10080,0,0,390107400,1,1,0
113000303,1130003,(Old)M3TC-C,1,1,3,0,0,0,1,1,21600,0,0,390107400,1,1,0
113000304,1130003,(Old)M3TC-C,1,1,3,0,0,0,1,1,43200,0,0,390107400,1,1,0
113000305,1130003,(Old)M3TC-C,1,1,3,0,0,0,1,1,72000,0,0,390107400,1,1,0
113000401,1130004,Armsel Striker(NewBase),1,1,3,0,0,0,1,1,1440,0,0,390508100,1,1,0
113000402,1130004,Armsel Striker(NewBase),1,1,3,0,0,0,1,1,10080,0,0,390508100,1,1,0
113000403,1130004,Armsel Striker(NewBase),1,1,3,0,0,0,1,1,21600,0,0,390508100,1,1,0
113000404,1130004,Armsel Striker(NewBase),1,1,3,0,0,0,1,1,43200,0,0,390508100,1,1,0
113000405,1130004,Armsel Striker(NewBase),1,1,3,0,0,0,1,1,72000,0,0,390508100,1,1,0
113000406,1130004,Armsel Striker(NewBase),1,1,3,0,0,0,1,1,129600,0,0,390508100,1,1,0
113000501,1130005,AA-12(NewBase),1,1,3,0,0,0,1,0,1440,0,0,390508100,0,1,0
113000502,1130005,AA-12(NewBase),1,1,3,0,0,0,1,0,10080,0,0,390508100,0,1,0
113000503,1130005,AA-12(NewBase),1,1,3,0,0,0,1,0,21600,0,0,390508100,0,1,0
113000504,1130005,AA-12(NewBase),1,1,3,0,0,0,1,0,43200,0,0,390508100,0,1,0
113000505,1130005,AA-12(NewBase),1,1,3,0,0,0,1,0,72000,0,0,390508100,0,1,0
113000506,1130005,AA-12(NewBase),1,1,3,0,0,0,1,0,129600,0,0,390508100,0,1,0
113000601,1130006,AA-12 Camo,1,1,3,0,0,0,1,0,1440,0,0,390508100,0,1,0
113000602,1130006,AA-12 Camo,1,1,3,0,0,0,1,0,10080,0,0,390508100,0,1,0
113000603,1130006,AA-12 Camo,1,1,3,0,0,0,1,0,21600,0,0,390508100,0,1,0
113000604,1130006,AA-12 Camo,1,1,3,0,0,0,1,0,43200,0,0,390508100,0,1,0
113000605,1130006,AA-12 Camo,1,1,3,0,0,0,1,0,72000,0,0,390508100,0,1,0
113000606,1130006,AA-12 Camo,1,1,3,0,0,0,1,0,129600,0,0,390508100,0,1,0
113000701,1130007,(Old)Lizard M3TC_Cash,1,1,3,0,0,0,1,0,1440,0,0,390107400,0,1,0
113000702,1130007,(Old)Lizard M3TC_Cash,1,1,3,0,0,0,1,0,10080,0,0,390107400,0,1,0
113000703,1130007,(Old)Lizard M3TC_Cash,1,1,3,0,0,0,1,0,21600,0,0,390107400,0,1,0
113000704,1130007,(Old)Lizard M3TC_Cash,1,1,3,0,0,0,1,0,43200,0,0,390107400,0,1,0
113000705,1130007,(Old)Lizard M3TC_Cash,1,1,3,0,0,0,1,0,72000,0,0,390107400,0,1,0
113000706,1130007,(Old)Lizard M3TC_Cash,1,1,3,0,0,0,1,0,129600,0,0,390107400,0,1,0
113000801,1130008,(Old)Lizard M3TC_Point,1,1,3,0,0,0,1,1,1440,0,0,390107400,1,1,0
113000802,1130008,(Old)Lizard M3TC_Point,1,1,3,0,0,0,1,1,10080,0,0,390107400,1,1,0
113000803,1130008,(Old)Lizard M3TC_Point,1,1,3,0,0,0,1,1,21600,0,0,390107400,1,1,0
113000804,1130008,(Old)Lizard M3TC_Point,1,1,3,0,0,0,1,1,43200,0,0,390107400,1,1,0
113000805,1130008,(Old)Lizard M3TC_Point,1,1,3,0,0,0,1,1,72000,0,0,390107400,1,1,0
113000806,1130008,(Old)Lizard M3TC_Point,1,1,3,0,0,0,1,1,129600,0,0,390107400,1,1,0
113000901,1130009,M3TC(NewBase),1,1,3,0,0,0,1,1,1440,0,0,390508100,1,1,0
113000902,1130009,M3TC(NewBase),1,1,3,0,0,0,1,1,10080,0,0,390508100,1,1,0
113000903,1130009,M3TC(NewBase),1,1,3,0,0,0,1,1,21600,0,0,390508100,1,1,0
113000904,1130009,M3TC(NewBase),1,1,3,0,0,0,1,1,43200,0,0,390508100,1,1,0
113000905,1130009,M3TC(NewBase),1,1,3,0,0,0,1,1,72000,0,0,390508100,1,1,0
113000906,1130009,M3TC(NewBase),1,1,3,0,0,0,1,1,129600,0,0,390508100,1,1,0
113001001,1130010,Lizard M3TC(Achieve),1,1,3,0,0,0,1,1,1440,0,0,390107400,1,1,1
113001002,1130010,Lizard M3TC(Achieve),1,1,3,0,0,0,1,1,10080,0,0,390107400,1,1,1
113001003,1130010,Lizard M3TC(Achieve),1,1,3,0,0,0,1,1,21600,0,0,390107400,1,1,1
113001004,1130010,Lizard M3TC(Achieve),1,1,3,0,0,0,1,1,43200,0,0,390107400,1,1,1
113001005,1130010,Lizard M3TC(Achieve),1,1,3,0,0,0,1,1,72000,0,0,390107400,1,1,1
113001006,1130010,Lizard M3TC(Achieve),1,1,3,0,0,0,1,1,129600,0,0,390107400,1,1,1
113001101,1130011,Lizard M3TC(Cash),1,1,3,0,0,0,1,0,1440,0,0,390908100,0,1,0
113001102,1130011,Lizard M3TC(Cash),1,1,3,0,0,0,1,0,10080,0,0,390908100,0,1,0
113001103,1130011,Lizard M3TC(Cash),1,1,3,0,0,0,1,0,21600,0,0,390908100,0,1,0
113001104,1130011,Lizard M3TC(Cash),1,1,3,0,0,0,1,0,43200,0,0,390908100,0,1,0
113001105,1130011,Lizard M3TC(Cash),1,1,3,0,0,0,1,0,72000,0,0,390908100,0,1,0
113001106,1130011,Lizard M3TC(Cash),1,1,3,0,0,0,1,0,129600,0,0,390908100,0,1,0
113001201,1130012,Double-Barreled(NewBase),1,1,3,0,0,0,1,1,1440,0,0,390508100,1,1,0
113001202,1130012,Double-Barreled(NewBase),1,1,3,0,0,0,1,1,10080,0,0,390508100,1,1,0
113001203,1130012,Double-Barreled(NewBase),1,1,3,0,0,0,1,1,21600,0,0,390508100,1,1,0
113001204,1130012,Double-Barreled(NewBase),1,1,3,0,0,0,1,1,43200,0,0,390508100,1,1,0
113001205,1130012,Double-Barreled(NewBase),1,1,3,0,0,0,1,1,72000,0,0,390508100,1,1,0
113001206,1130012,Double-Barreled(NewBase),1,1,3,0,0,0,1,1,129600,0,0,390508100,1,1,0
113001301,1130013,Armsel Striker-Gold,1,1,3,0,0,0,1,0,1440,0,0,390508100,0,1,0
113001302,1130013,Armsel Striker-Gold,1,1,3,0,0,0,1,0,10080,0,0,390508100,0,1,0
113001303,1130013,Armsel Striker-Gold,1,1,3,0,0,0,1,0,21600,0,0,390508100,0,1,0
113001304,1130013,Armsel Striker-Gold,1,1,3,0,0,0,1,0,43200,0,0,390508100,0,1,0
113001305,1130013,Armsel Striker-Gold,1,1,3,0,0,0,1,0,72000,0,0,390508100,0,1,0
113001306,1130013,Armsel Striker-Gold,1,1,3,0,0,0,1,0,129600,0,0,390508100,0,1,0
113001310,1130013,Armsel Striker-Gold,1,1,3,0,0,0,1,0,525600,0,0,390508100,0,1,0
113001401,1130014,(Bombmode)Double-Barreled,1,1,3,0,0,0,1,1,60,0,0,390508100,1,1,0
114000101,1140001,(Old)SVD Tiger,1,1,4,0,0,0,1,1,1440,0,0,390508000,1,1,0
114000102,1140001,(Old)SVD Tiger,1,1,4,0,0,0,1,1,10080,0,0,390508000,1,1,0
114000103,1140001,(Old)SVD Tiger,1,1,4,0,0,0,1,1,21600,0,0,390508000,1,1,0
114000104,1140001,(Old)SVD Tiger,1,1,4,0,0,0,1,1,43200,0,0,390508000,1,1,0
114000105,1140001,(Old)SVD Tiger,1,1,4,0,0,0,1,1,72000,0,0,390508000,1,1,0
114000201,1140002,(Old)DSR-E1,1,1,4,0,0,0,1,1,1440,0,0,390508000,1,1,0
114000202,1140002,(Old)DSR-E1,1,1,4,0,0,0,1,1,10080,0,0,390508000,1,1,0
114000203,1140002,(Old)DSR-E1,1,1,4,0,0,0,1,1,21600,0,0,390508000,1,1,0
114000204,1140002,(Old)DSR-E1,1,1,4,0,0,0,1,1,43200,0,0,390508000,1,1,0
114000205,1140002,(Old)DSR-E1,1,1,4,0,0,0,1,1,72000,0,0,390508000,1,1,0
114000301,1140003,(Old)AWM300,1,1,4,0,0,0,1,1,1440,0,0,390508000,1,1,0
114000302,1140003,(Old)AWM300,1,1,4,0,0,0,1,1,10080,0,0,390508000,1,1,0
114000303,1140003,(Old)AWM300,1,1,4,0,0,0,1,1,21600,0,0,390508000,1,1,0
114000304,1140003,(Old)AWM300,1,1,4,0,0,0,1,1,43200,0,0,390508000,1,1,0
114000305,1140003,(Old)AWM300,1,1,4,0,0,0,1,1,72000,0,0,390508000,1,1,0
114000401,1140004,(Old)Argent SVD,1,1,4,0,0,0,1,1,1440,0,0,390107390,1,1,0
114000402,1140004,(Old)Argent SVD,1,1,4,0,0,0,1,1,10080,0,0,390107390,1,1,0
114000403,1140004,(Old)Argent SVD,1,1,4,0,0,0,1,1,21600,0,0,390107390,1,1,0
114000404,1140004,(Old)Argent SVD,1,1,4,0,0,0,1,1,43200,0,0,390107390,1,1,0
114000405,1140004,(Old)Argent SVD,1,1,4,0,0,0,1,1,72000,0,0,390107390,1,1,0
114000501,1140005,JNG-90(NewBase),1,1,4,0,0,0,1,0,1440,0,0,390508000,0,1,0
114000502,1140005,JNG-90(NewBase),1,1,4,0,0,0,1,0,10080,0,0,390508000,0,1,0
114000503,1140005,JNG-90(NewBase),1,1,4,0,0,0,1,0,21600,0,0,390508000,0,1,0
114000504,1140005,JNG-90(NewBase),1,1,4,0,0,0,1,0,43200,0,0,390508000,0,1,0
114000505,1140005,JNG-90(NewBase),1,1,4,0,0,0,1,0,72000,0,0,390508000,0,1,0
114000506,1140005,JNG-90(NewBase),1,1,4,0,0,0,1,0,129600,0,0,390508000,0,1,0
114000601,1140006,JNG-90-C,1,1,4,0,0,0,1,0,1440,0,0,390908700,0,1,0
114000602,1140006,JNG-90-C,1,1,4,0,0,0,1,0,10080,0,0,390908700,0,1,0
114000603,1140006,JNG-90-C,1,1,4,0,0,0,1,0,21600,0,0,390908700,0,1,0
114000604,1140006,JNG-90-C,1,1,4,0,0,0,1,0,43200,0,0,390908700,0,1,0
114000605,1140006,JNG-90-C,1,1,4,0,0,0,1,0,72000,0,0,390908700,0,1,0
114000606,1140006,JNG-90-C,1,1,4,0,0,0,1,0,129600,0,0,390908700,0,1,0
114000701,1140007,(Old)AWM300-Gold,1,1,4,0,0,0,1,0,1440,0,0,390908700,0,1,0
114000702,1140007,(Old)AWM300-Gold,1,1,4,0,0,0,1,0,10080,0,0,390908700,0,1,0
114000703,1140007,(Old)AWM300-Gold,1,1,4,0,0,0,1,0,21600,0,0,390908700,0,1,0
114000704,1140007,(Old)AWM300-Gold,1,1,4,0,0,0,1,0,43200,0,0,390908700,0,1,0
114000705,1140007,(Old)AWM300-Gold,1,1,4,0,0,0,1,0,72000,0,0,390908700,0,1,0
114000706,1140007,(Old)AWM300-Gold,1,1,4,0,0,0,1,0,129600,0,0,390908700,0,1,0
114000801,1140008,(Old)AWM300-GoldMarble,1,1,4,0,0,0,1,0,1440,0,0,390908700,0,1,0
114000802,1140008,(Old)AWM300-GoldMarble,1,1,4,0,0,0,1,0,10080,0,0,390908700,0,1,0
114000803,1140008,(Old)AWM300-GoldMarble,1,1,4,0,0,0,1,0,21600,0,0,390908700,0,1,0
114000804,1140008,(Old)AWM300-GoldMarble,1,1,4,0,0,0,1,0,43200,0,0,390908700,0,1,0
114000805,1140008,(Old)AWM300-GoldMarble,1,1,4,0,0,0,1,0,72000,0,0,390908700,0,1,0
114000806,1140008,(Old)AWM300-GoldMarble,1,1,4,0,0,0,1,0,129600,0,0,390908700,0,1,0
114000901,1140009,(Old)AWM 300-Cute,1,1,4,0,0,0,1,0,1440,0,0,390908700,0,1,0
114000902,1140009,(Old)AWM 300-Cute,1,1,4,0,0,0,1,0,10080,0,0,390908700,0,1,0
114000903,1140009,(Old)AWM 300-Cute,1,1,4,0,0,0,1,0,21600,0,0,390908700,0,1,0
114000904,1140009,(Old)AWM 300-Cute,1,1,4,0,0,0,1,0,43200,0,0,390908700,0,1,0
114000905,1140009,(Old)AWM 300-Cute,1,1,4,0,0,0,1,0,72000,0,0,390908700,0,1,0
114000906,1140009,(Old)AWM 300-Cute,1,1,4,0,0,0,1,0,129600,0,0,390908700,0,1,0
114001001,1140010,(Old)AWM 300-Cute Silencer,1,1,4,0,0,0,1,0,1440,0,0,390908700,0,1,0
114001002,1140010,(Old)AWM 300-Cute Silencer,1,1,4,0,0,0,1,0,10080,0,0,390908700,0,1,0
114001003,1140010,(Old)AWM 300-Cute Silencer,1,1,4,0,0,0,1,0,21600,0,0,390908700,0,1,0
114001004,1140010,(Old)AWM 300-Cute Silencer,1,1,4,0,0,0,1,0,43200,0,0,390908700,0,1,0
114001005,1140010,(Old)AWM 300-Cute Silencer,1,1,4,0,0,0,1,0,72000,0,0,390908700,0,1,0
114001101,1140011,(Old)AWM 300-Aqua,1,1,4,0,0,0,1,0,1440,0,0,390908700,0,1,0
114001102,1140011,(Old)AWM 300-Aqua,1,1,4,0,0,0,1,0,10080,0,0,390908700,0,1,0
114001103,1140011,(Old)AWM 300-Aqua,1,1,4,0,0,0,1,0,21600,0,0,390908700,0,1,0
114001104,1140011,(Old)AWM 300-Aqua,1,1,4,0,0,0,1,0,43200,0,0,390908700,0,1,0
114001105,1140011,(Old)AWM 300-Aqua,1,1,4,0,0,0,1,0,72000,0,0,390908700,0,1,0
114001201,1140012,AWM 300-Aqua Silencer,1,1,4,0,0,0,1,0,1440,0,0,390908700,0,1,0
114001202,1140012,AWM 300-Aqua Silencer,1,1,4,0,0,0,1,0,10080,0,0,390908700,0,1,0
114001203,1140012,AWM 300-Aqua Silencer,1,1,4,0,0,0,1,0,21600,0,0,390908700,0,1,0
114001204,1140012,AWM 300-Aqua Silencer,1,1,4,0,0,0,1,0,43200,0,0,390908700,0,1,0
114001205,1140012,AWM 300-Aqua Silencer,1,1,4,0,0,0,1,0,72000,0,0,390908700,0,1,0
114001206,1140012,AWM 300-Aqua Silencer,1,1,4,0,0,0,1,0,129600,0,0,390908700,0,1,0
114001301,1140013,Dust DSR-E1,1,1,4,0,0,0,1,0,1440,0,0,390908700,0,1,0
114001302,1140013,Dust DSR-E1,1,1,4,0,0,0,1,0,10080,0,0,390908700,0,1,0
114001303,1140013,Dust DSR-E1,1,1,4,0,0,0,1,0,21600,0,0,390908700,0,1,0
114001304,1140013,Dust DSR-E1,1,1,4,0,0,0,1,0,43200,0,0,390908700,0,1,0
114001305,1140013,Dust DSR-E1,1,1,4,0,0,0,1,0,72000,0,0,390908700,0,1,0
114001306,1140013,Dust DSR-E1,1,1,4,0,0,0,1,0,129600,0,0,390908700,0,1,0
114001401,1140014,SVD Tiger(NewBase),1,1,4,0,0,0,1,1,1440,0,0,390508000,1,1,0
114001402,1140014,SVD Tiger(NewBase),1,1,4,0,0,0,1,1,10080,0,0,390508000,1,1,0
114001403,1140014,SVD Tiger(NewBase),1,1,4,0,0,0,1,1,21600,0,0,390508000,1,1,0
114001404,1140014,SVD Tiger(NewBase),1,1,4,0,0,0,1,1,43200,0,0,390508000,1,1,0
114001405,1140014,SVD Tiger(NewBase),1,1,4,0,0,0,1,1,72000,0,0,390508000,1,1,0
114001406,1140014,SVD Tiger(NewBase),1,1,4,0,0,0,1,1,129600,0,0,390508000,1,1,0
114001501,1140015,Argent SVD(Achieve),1,1,4,0,0,0,1,1,1440,0,0,390107390,1,1,1
114001502,1140015,Argent SVD(Achieve),1,1,4,0,0,0,1,1,10080,0,0,390107390,1,1,1
114001503,1140015,Argent SVD(Achieve),1,1,4,0,0,0,1,1,21600,0,0,390107390,1,1,1
114001504,1140015,Argent SVD(Achieve),1,1,4,0,0,0,1,1,43200,0,0,390107390,1,1,1
114001505,1140015,Argent SVD(Achieve),1,1,4,0,0,0,1,1,72000,0,0,390107390,1,1,1
114001506,1140015,Argent SVD(Achieve),1,1,4,0,0,0,1,1,129600,0,0,390107390,1,1,1
114001601,1140016,Argent SVD(Cash),1,1,4,0,0,0,1,0,1440,0,0,390908700,0,1,0
114001602,1140016,Argent SVD(Cash),1,1,4,0,0,0,1,0,10080,0,0,390908700,0,1,0
114001603,1140016,Argent SVD(Cash),1,1,4,0,0,0,1,0,21600,0,0,390908700,0,1,0
114001604,1140016,Argent SVD(Cash),1,1,4,0,0,0,1,0,43200,0,0,390908700,0,1,0
114001605,1140016,Argent SVD(Cash),1,1,4,0,0,0,1,0,72000,0,0,390908700,0,1,0
114001606,1140016,Argent SVD(Cash),1,1,4,0,0,0,1,0,129600,0,0,390908700,0,1,0
114001701,1140017,DSR-E1(NewBase),1,1,4,0,0,0,1,1,1440,0,0,390508000,1,1,0
114001702,1140017,DSR-E1(NewBase),1,1,4,0,0,0,1,1,10080,0,0,390508000,1,1,0
114001703,1140017,DSR-E1(NewBase),1,1,4,0,0,0,1,1,21600,0,0,390508000,1,1,0
114001704,1140017,DSR-E1(NewBase),1,1,4,0,0,0,1,1,43200,0,0,390508000,1,1,0
114001705,1140017,DSR-E1(NewBase),1,1,4,0,0,0,1,1,72000,0,0,390508000,1,1,0
114001706,1140017,DSR-E1(NewBase),1,1,4,0,0,0,1,1,129600,0,0,390508000,1,1,0
114001801,1140018,AWM 300(NewBase),1,1,4,0,0,0,1,1,1440,0,0,390508000,1,1,0
114001802,1140018,AWM 300(NewBase),1,1,4,0,0,0,1,1,10080,0,0,390508000,1,1,0
114001803,1140018,AWM 300(NewBase),1,1,4,0,0,0,1,1,21600,0,0,390508000,1,1,0
114001804,1140018,AWM 300(NewBase),1,1,4,0,0,0,1,1,43200,0,0,390508000,1,1,0
114001805,1140018,AWM 300(NewBase),1,1,4,0,0,0,1,1,72000,0,0,390508000,1,1,0
114001806,1140018,AWM 300(NewBase),1,1,4,0,0,0,1,1,129600,0,0,390508000,1,1,0
114001901,1140019,AWM300-Gold,1,1,4,0,0,0,1,0,1440,0,0,390508000,0,1,0
114001902,1140019,AWM300-Gold,1,1,4,0,0,0,1,0,10080,0,0,390508000,0,1,0
114001903,1140019,AWM300-Gold,1,1,4,0,0,0,1,0,21600,0,0,390508000,0,1,0
114001904,1140019,AWM300-Gold,1,1,4,0,0,0,1,0,43200,0,0,390508000,0,1,0
114001905,1140019,AWM300-Gold,1,1,4,0,0,0,1,0,72000,0,0,390508000,0,1,0
114001906,1140019,AWM300-Gold,1,1,4,0,0,0,1,0,129600,0,0,390508000,0,1,0
114001910,1140019,AWM300-Gold,1,1,4,0,0,0,1,0,525600,0,0,390508000,0,1,0
114002001,1140020,A_SVD Silencer,1,1,4,0,0,0,1,0,1440,0,0,390908700,0,1,0
114002002,1140020,A_SVD Silencer,1,1,4,0,0,0,1,0,10080,0,0,390908700,0,1,0
114002003,1140020,A_SVD Silencer,1,1,4,0,0,0,1,0,21600,0,0,390908700,0,1,0
114002004,1140020,A_SVD Silencer,1,1,4,0,0,0,1,0,43200,0,0,390908700,0,1,0
114002005,1140020,A_SVD Silencer,1,1,4,0,0,0,1,0,72000,0,0,390908700,0,1,0
114002006,1140020,A_SVD Silencer,1,1,4,0,0,0,1,0,129600,0,0,390908700,0,1,0
114002010,1140020,A_SVD Silencer,1,1,4,0,0,0,1,0,525600,0,0,390908700,0,1,0
114002101,1140021,(Bombmode)AWM300,1,1,4,0,0,0,1,1,60,0,0,390508000,1,1,0
114002201,1140022,(Bombmode)AWM300-Aqua,1,1,4,0,0,0,1,1,60,0,0,390508000,1,1,0
114009999,1140099,SF M1AM,1,1,4,0,0,0,1,1,0,0,0,390508000,0,1,0
115000601,1150006,(Old)VZ 61 Twin,1,1,5,0,0,0,1,1,1440,0,0,390507900,1,1,0
115000602,1150006,(Old)VZ 61 Twin,1,1,5,0,0,0,1,1,10080,0,0,390507900,1,1,0
115000603,1150006,(Old)VZ 61 Twin,1,1,5,0,0,0,1,1,21600,0,0,390507900,1,1,0
115000604,1150006,(Old)VZ 61 Twin,1,1,5,0,0,0,1,1,43200,0,0,390507900,1,1,0
115000605,1150006,(Old)VZ 61 Twin,1,1,5,0,0,0,1,1,72000,0,0,390507900,1,1,0
115000701,1150007,(Old)TP9,1,1,5,0,0,0,1,1,1440,0,0,390507900,1,1,0
115000702,1150007,(Old)TP9,1,1,5,0,0,0,1,1,10080,0,0,390507900,1,1,0
115000703,1150007,(Old)TP9,1,1,5,0,0,0,1,1,21600,0,0,390507900,1,1,0
115000704,1150007,(Old)TP9,1,1,5,0,0,0,1,1,43200,0,0,390507900,1,1,0
115000705,1150007,(Old)TP9,1,1,5,0,0,0,1,1,72000,0,0,390507900,1,1,0
115000801,1150008,(Old)FN-P90,1,1,5,0,0,0,1,1,1440,0,0,390507900,1,1,0
115000802,1150008,(Old)FN-P90,1,1,5,0,0,0,1,1,10080,0,0,390507900,1,1,0
115000803,1150008,(Old)FN-P90,1,1,5,0,0,0,1,1,21600,0,0,390507900,1,1,0
115000804,1150008,(Old)FN-P90,1,1,5,0,0,0,1,1,43200,0,0,390507900,1,1,0
115000805,1150008,(Old)FN-P90,1,1,5,0,0,0,1,1,72000,0,0,390507900,1,1,0
115000901,1150009,(Old)MP5,1,1,5,0,0,0,1,1,1440,0,0,390507900,1,1,0
115000902,1150009,(Old)MP5,1,1,5,0,0,0,1,1,10080,0,0,390507900,1,1,0
115000903,1150009,(Old)MP5,1,1,5,0,0,0,1,1,21600,0,0,390507900,1,1,0
115000904,1150009,(Old)MP5,1,1,5,0,0,0,1,1,43200,0,0,390507900,1,1,0
115000905,1150009,(Old)MP5,1,1,5,0,0,0,1,1,72000,0,0,390507900,1,1,0
115000906,1150009,(Old)MP5,1,1,5,0,0,0,1,1,129600,0,0,390507900,1,1,0
115001001,1150010,(Old)TP9-C,1,1,5,0,0,0,1,1,1440,0,0,390107200,1,1,0
115001002,1150010,(Old)TP9-C,1,1,5,0,0,0,1,1,10080,0,0,390107200,1,1,0
115001003,1150010,(Old)TP9-C,1,1,5,0,0,0,1,1,21600,0,0,390107200,1,1,0
115001004,1150010,(Old)TP9-C,1,1,5,0,0,0,1,1,43200,0,0,390107200,1,1,0
115001005,1150010,(Old)TP9-C,1,1,5,0,0,0,1,1,72000,0,0,390107200,1,1,0
115001101,1150011,(Old)FN-P90_Cash,1,1,5,0,0,0,1,0,1440,0,0,390908600,0,1,0
115001102,1150011,(Old)FN-P90_Cash,1,1,5,0,0,0,1,0,10080,0,0,390908600,0,1,0
115001103,1150011,(Old)FN-P90_Cash,1,1,5,0,0,0,1,0,21600,0,0,390908600,0,1,0
115001104,1150011,(Old)FN-P90_Cash,1,1,5,0,0,0,1,0,43200,0,0,390908600,0,1,0
115001105,1150011,(Old)FN-P90_Cash,1,1,5,0,0,0,1,0,72000,0,0,390908600,0,1,0
115001106,1150011,(Old)FN-P90_Cash,1,1,5,0,0,0,1,0,129600,0,0,390908600,0,1,0
115001201,1150012,Prussian MP5,1,1,5,0,0,0,1,0,1440,0,0,390907900,0,1,0
115001202,1150012,Prussian MP5,1,1,5,0,0,0,1,0,10080,0,0,390907900,0,1,0
115001203,1150012,Prussian MP5,1,1,5,0,0,0,1,0,21600,0,0,390907900,0,1,0
115001204,1150012,Prussian MP5,1,1,5,0,0,0,1,0,43200,0,0,390907900,0,1,0
115001205,1150012,Prussian MP5,1,1,5,0,0,0,1,0,72000,0,0,390907900,0,1,0
115001206,1150012,Prussian MP5,1,1,5,0,0,0,1,0,129600,0,0,390907900,0,1,0
115001301,1150013,VZ 61 Twin(NewBase),1,1,5,0,0,0,1,1,1440,0,0,390507900,1,1,0
115001302,1150013,VZ 61 Twin(NewBase),1,1,5,0,0,0,1,1,10080,0,0,390507900,1,1,0
115001303,1150013,VZ 61 Twin(NewBase),1,1,5,0,0,0,1,1,21600,0,0,390507900,1,1,0
115001304,1150013,VZ 61 Twin(NewBase),1,1,5,0,0,0,1,1,43200,0,0,390507900,1,1,0
115001305,1150013,VZ 61 Twin(NewBase),1,1,5,0,0,0,1,1,72000,0,0,390507900,1,1,0
115001306,1150013,VZ 61 Twin(NewBase),1,1,5,0,0,0,1,1,129600,0,0,390507900,1,1,0
115001401,1150014,TP9(NewBase),1,1,5,0,0,0,1,1,1440,0,0,390507900,1,1,0
115001402,1150014,TP9(NewBase),1,1,5,0,0,0,1,1,10080,0,0,390507900,1,1,0
115001403,1150014,TP9(NewBase),1,1,5,0,0,0,1,1,21600,0,0,390507900,1,1,0
115001404,1150014,TP9(NewBase),1,1,5,0,0,0,1,1,43200,0,0,390507900,1,1,0
115001405,1150014,TP9(NewBase),1,1,5,0,0,0,1,1,72000,0,0,390507900,1,1,0
115001406,1150014,TP9(NewBase),1,1,5,0,0,0,1,1,129600,0,0,390507900,1,1,0
115001501,1150015,Green TP9(Achieve),1,1,5,0,0,0,1,1,1440,0,0,390107200,1,1,1
115001502,1150015,Green TP9(Achieve),1,1,5,0,0,0,1,1,10080,0,0,390107200,1,1,1
115001503,1150015,Green TP9(Achieve),1,1,5,0,0,0,1,1,21600,0,0,390107200,1,1,1
115001504,1150015,Green TP9(Achieve),1,1,5,0,0,0,1,1,43200,0,0,390107200,1,1,1
115001505,1150015,Green TP9(Achieve),1,1,5,0,0,0,1,1,72000,0,0,390107200,1,1,1
115001506,1150015,Green TP9(Achieve),1,1,5,0,0,0,1,1,129600,0,0,390107200,1,1,1
115001601,1150016,Green TP9(Cash),1,1,5,0,0,0,1,0,1440,0,0,390907900,0,1,0
115001602,1150016,Green TP9(Cash),1,1,5,0,0,0,1,0,10080,0,0,390907900,0,1,0
115001603,1150016,Green TP9(Cash),1,1,5,0,0,0,1,0,21600,0,0,390907900,0,1,0
115001604,1150016,Green TP9(Cash),1,1,5,0,0,0,1,0,43200,0,0,390907900,0,1,0
115001605,1150016,Green TP9(Cash),1,1,5,0,0,0,1,0,72000,0,0,390907900,0,1,0
115001606,1150016,Green TP9(Cash),1,1,5,0,0,0,1,0,129600,0,0,390907900,0,1,0
115001701,1150017,FN-P90(NewBase),1,1,5,0,0,0,1,0,1440,0,0,390907900,0,1,0
115001702,1150017,FN-P90(NewBase),1,1,5,0,0,0,1,0,10080,0,0,390907900,0,1,0
115001703,1150017,FN-P90(NewBase),1,1,5,0,0,0,1,0,21600,0,0,390907900,0,1,0
115001704,1150017,FN-P90(NewBase),1,1,5,0,0,0,1,0,43200,0,0,390907900,0,1,0
115001705,1150017,FN-P90(NewBase),1,1,5,0,0,0,1,0,72000,0,0,390907900,0,1,0
115001706,1150017,FN-P90(NewBase),1,1,5,0,0,0,1,0,129600,0,0,390907900,0,1,0
115001801,1150018,FN-P90 Plus,1,1,5,0,0,0,1,0,1440,0,0,390907900,0,1,0
115001802,1150018,FN-P90 Plus,1,1,5,0,0,0,1,0,10080,0,0,390907900,0,1,0
115001803,1150018,FN-P90 Plus,1,1,5,0,0,0,1,0,21600,0,0,390907900,0,1,0
115001804,1150018,FN-P90 Plus,1,1,5,0,0,0,1,0,43200,0,0,390907900,0,1,0
115001805,1150018,FN-P90 Plus,1,1,5,0,0,0,1,0,72000,0,0,390907900,0,1,0
115001806,1150018,FN-P90 Plus,1,1,5,0,0,0,1,0,129600,0,0,390907900,0,1,0
115001810,1150018,FN-P90 Plus,1,1,5,0,0,0,1,0,525600,0,0,390907900,0,1,0
115001901,1150019,MP5(NewBase),1,1,5,0,0,0,1,1,1440,0,0,390507900,1,1,0
115001902,1150019,MP5(NewBase),1,1,5,0,0,0,1,1,10080,0,0,390507900,1,1,0
115001903,1150019,MP5(NewBase),1,1,5,0,0,0,1,1,21600,0,0,390507900,1,1,0
115001904,1150019,MP5(NewBase),1,1,5,0,0,0,1,1,43200,0,0,390507900,1,1,0
115001905,1150019,MP5(NewBase),1,1,5,0,0,0,1,1,72000,0,0,390507900,1,1,0
115001906,1150019,MP5(NewBase),1,1,5,0,0,0,1,1,129600,0,0,390507900,1,1,0
115002001,1150020,Prussian MP5 Plus,1,1,5,0,0,0,1,0,1440,0,0,390907900,0,1,0
115002002,1150020,Prussian MP5 Plus,1,1,5,0,0,0,1,0,10080,0,0,390907900,0,1,0
115002003,1150020,Prussian MP5 Plus,1,1,5,0,0,0,1,0,21600,0,0,390907900,0,1,0
115002004,1150020,Prussian MP5 Plus,1,1,5,0,0,0,1,0,43200,0,0,390907900,0,1,0
115002005,1150020,Prussian MP5 Plus,1,1,5,0,0,0,1,0,72000,0,0,390907900,0,1,0
115002006,1150020,Prussian MP5 Plus,1,1,5,0,0,0,1,0,129600,0,0,390907900,0,1,0
115002010,1150020,Prussian MP5 Plus,1,1,5,0,0,0,1,0,525600,0,0,390907900,0,1,0
116000101,1160001,M240(NewBase),1,1,6,0,0,0,1,0,1440,0,0,390507800,0,1,0
116000102,1160001,M240(NewBase),1,1,6,0,0,0,1,0,10080,0,0,390507800,0,1,0
116000103,1160001,M240(NewBase),1,1,6,0,0,0,1,0,21600,0,0,390507800,0,1,0
116000104,1160001,M240(NewBase),1,1,6,0,0,0,1,0,43200,0,0,390507800,0,1,0
116000105,1160001,M240(NewBase),1,1,6,0,0,0,1,0,72000,0,0,390507800,0,1,0
116000106,1160001,M240(NewBase),1,1,6,0,0,0,1,0,129600,0,0,390507800,0,1,0
121000101,1210001,(Old)DE Crane,1,2,1,0,0,0,1,1,1440,0,0,370506800,1,2,0
121000102,1210001,(Old)DE Crane,1,2,1,0,0,0,1,1,10080,0,0,370506800,1,2,0
121000103,1210001,(Old)DE Crane,1,2,1,0,0,0,1,1,21600,0,0,370506800,1,2,0
121000104,1210001,(Old)DE Crane,1,2,1,0,0,0,1,1,43200,0,0,370506800,1,2,0
121000105,1210001,(Old)DE Crane,1,2,1,0,0,0,1,1,72000,0,0,370506800,1,2,0
121000201,1210002,(Old)Colt Anaconda,1,2,1,0,0,0,1,1,1440,0,0,370506800,1,2,0
121000202,1210002,(Old)Colt Anaconda,1,2,1,0,0,0,1,1,10080,0,0,370506800,1,2,0
121000203,1210002,(Old)Colt Anaconda,1,2,1,0,0,0,1,1,21600,0,0,370506800,1,2,0
121000204,1210002,(Old)Colt Anaconda,1,2,1,0,0,0,1,1,43200,0,0,370506800,1,2,0
121000205,1210002,(Old)Colt Anaconda,1,2,1,0,0,0,1,1,72000,0,0,370506800,1,2,0
121000206,1210002,(Old)Colt Anaconda,1,2,1,0,0,0,1,1,129600,0,0,370506800,1,2,0
121000301,1210003,(Old)Glock,1,2,1,0,0,0,1,1,1440,0,0,370506800,1,2,0
121000302,1210003,(Old)Glock,1,2,1,0,0,0,1,1,10080,0,0,370506800,1,2,0
121000303,1210003,(Old)Glock,1,2,1,0,0,0,1,1,21600,0,0,370506800,1,2,0
121000304,1210003,(Old)Glock,1,2,1,0,0,0,1,1,43200,0,0,370506800,1,2,0
121000305,1210003,(Old)Glock,1,2,1,0,0,0,1,1,72000,0,0,370506800,1,2,0
121000501,1210005,(Old)Golden DE. Crane,1,2,1,0,0,0,1,1,1440,0,0,370106700,1,2,0
121000502,1210005,(Old)Golden DE. Crane,1,2,1,0,0,0,1,1,10080,0,0,370106700,1,2,0
121000503,1210005,(Old)Golden DE. Crane,1,2,1,0,0,0,1,1,21600,0,0,370106700,1,2,0
121000504,1210005,(Old)Golden DE. Crane,1,2,1,0,0,0,1,1,43200,0,0,370106700,1,2,0
121000505,1210005,(Old)Golden DE. Crane,1,2,1,0,0,0,1,1,72000,0,0,370106700,1,2,0
121000601,1210006,(Old)D.Eagle-Gold,1,2,1,0,0,0,1,0,1440,0,0,370906900,0,2,0
121000602,1210006,(Old)D.Eagle-Gold,1,2,1,0,0,0,1,0,10080,0,0,370906900,0,2,0
121000603,1210006,(Old)D.Eagle-Gold,1,2,1,0,0,0,1,0,21600,0,0,370906900,0,2,0
121000604,1210006,(Old)D.Eagle-Gold,1,2,1,0,0,0,1,0,43200,0,0,370906900,0,2,0
121000605,1210006,(Old)D.Eagle-Gold,1,2,1,0,0,0,1,0,72000,0,0,370906900,0,2,0
121000606,1210006,(Old)D.Eagle-Gold,1,2,1,0,0,0,1,0,129600,0,0,370906900,0,2,0
121000701,1210007,M93R(NewBase),1,2,1,0,0,0,1,0,1440,0,0,370506800,0,2,0
121000702,1210007,M93R(NewBase),1,2,1,0,0,0,1,0,10080,0,0,370506800,0,2,0
121000703,1210007,M93R(NewBase),1,2,1,0,0,0,1,0,21600,0,0,370506800,0,2,0
121000704,1210007,M93R(NewBase),1,2,1,0,0,0,1,0,43200,0,0,370506800,0,2,0
121000705,1210007,M93R(NewBase),1,2,1,0,0,0,1,0,72000,0,0,370506800,0,2,0
121000706,1210007,M93R(NewBase),1,2,1,0,0,0,1,0,129600,0,0,370506800,0,2,0
121000801,1210008,(Old)Golden DE. Crane_Cash,1,2,1,0,0,0,1,0,1440,0,0,370906900,0,2,0
121000802,1210008,(Old)Golden DE. Crane_Cash,1,2,1,0,0,0,1,0,10080,0,0,370906900,0,2,0
121000803,1210008,(Old)Golden DE. Crane_Cash,1,2,1,0,0,0,1,0,21600,0,0,370906900,0,2,0
121000804,1210008,(Old)Golden DE. Crane_Cash,1,2,1,0,0,0,1,0,43200,0,0,370906900,0,2,0
121000805,1210008,(Old)Golden DE. Crane_Cash,1,2,1,0,0,0,1,0,72000,0,0,370906900,0,2,0
121000806,1210008,(Old)Golden DE. Crane_Cash,1,2,1,0,0,0,1,0,129600,0,0,370906900,0,2,0
121000901,1210009,(Old)DE. Crane-Cute,1,2,1,0,0,0,1,0,1440,0,0,370906900,0,2,0
121000902,1210009,(Old)DE. Crane-Cute,1,2,1,0,0,0,1,0,10080,0,0,370906900,0,2,0
121000903,1210009,(Old)DE. Crane-Cute,1,2,1,0,0,0,1,0,21600,0,0,370906900,0,2,0
121000904,1210009,(Old)DE. Crane-Cute,1,2,1,0,0,0,1,0,43200,0,0,370906900,0,2,0
121000905,1210009,(Old)DE. Crane-Cute,1,2,1,0,0,0,1,0,72000,0,0,370906900,0,2,0
121000906,1210009,(Old)DE. Crane-Cute,1,2,1,0,0,0,1,0,129600,0,0,370906900,0,2,0
121001001,1210010,DE. Crane-Aqua,1,2,1,0,0,0,1,0,1440,0,0,370906900,0,2,0
121001002,1210010,DE. Crane-Aqua,1,2,1,0,0,0,1,0,10080,0,0,370906900,0,2,0
121001003,1210010,DE. Crane-Aqua,1,2,1,0,0,0,1,0,21600,0,0,370906900,0,2,0
121001004,1210010,DE. Crane-Aqua,1,2,1,0,0,0,1,0,43200,0,0,370906900,0,2,0
121001005,1210010,DE. Crane-Aqua,1,2,1,0,0,0,1,0,72000,0,0,370906900,0,2,0
121001006,1210010,DE. Crane-Aqua,1,2,1,0,0,0,1,0,129600,0,0,370906900,0,2,0
121001101,1210011,DE Crane(NewBase),1,2,1,0,0,0,1,1,1440,0,0,370506800,1,2,0
121001102,1210011,DE Crane(NewBase),1,2,1,0,0,0,1,1,10080,0,0,370506800,1,2,0
121001103,1210011,DE Crane(NewBase),1,2,1,0,0,0,1,1,21600,0,0,370506800,1,2,0
121001104,1210011,DE Crane(NewBase),1,2,1,0,0,0,1,1,43200,0,0,370506800,1,2,0
121001105,1210011,DE Crane(NewBase),1,2,1,0,0,0,1,1,72000,0,0,370506800,1,2,0
121001106,1210011,DE Crane(NewBase),1,2,1,0,0,0,1,1,129600,0,0,370506800,1,2,0
121001201,1210012,DE Crane-Gold,1,2,1,0,0,0,1,0,1440,0,0,370506800,0,2,0
121001202,1210012,DE Crane-Gold,1,2,1,0,0,0,1,0,10080,0,0,370506800,0,2,0
121001203,1210012,DE Crane-Gold,1,2,1,0,0,0,1,0,21600,0,0,370506800,0,2,0
121001204,1210012,DE Crane-Gold,1,2,1,0,0,0,1,0,43200,0,0,370506800,0,2,0
121001205,1210012,DE Crane-Gold,1,2,1,0,0,0,1,0,72000,0,0,370506800,0,2,0
121001206,1210012,DE Crane-Gold,1,2,1,0,0,0,1,0,129600,0,0,370506800,0,2,0
121001210,1210012,DE Crane-Gold,1,2,1,0,0,0,1,0,525600,0,0,370506800,0,2,0
121001301,1210013,Golden DE(Achieve),1,2,1,0,0,0,1,1,1440,0,0,370106800,1,2,1
121001302,1210013,Golden DE(Achieve),1,2,1,0,0,0,1,1,10080,0,0,370106800,1,2,1
121001303,1210013,Golden DE(Achieve),1,2,1,0,0,0,1,1,21600,0,0,370106800,1,2,1
121001304,1210013,Golden DE(Achieve),1,2,1,0,0,0,1,1,43200,0,0,370106800,1,2,1
121001305,1210013,Golden DE(Achieve),1,2,1,0,0,0,1,1,72000,0,0,370106800,1,2,1
121001306,1210013,Golden DE(Achieve),1,2,1,0,0,0,1,1,129600,0,0,370106800,1,2,1
121001401,1210014,Golden DE(Cash),1,2,1,0,0,0,1,0,1440,0,0,370906900,0,2,0
121001402,1210014,Golden DE(Cash),1,2,1,0,0,0,1,0,10080,0,0,370906900,0,2,0
121001403,1210014,Golden DE(Cash),1,2,1,0,0,0,1,0,21600,0,0,370906900,0,2,0
121001404,1210014,Golden DE(Cash),1,2,1,0,0,0,1,0,43200,0,0,370906900,0,2,0
121001405,1210014,Golden DE(Cash),1,2,1,0,0,0,1,0,72000,0,0,370906900,0,2,0
121001406,1210014,Golden DE(Cash),1,2,1,0,0,0,1,0,129600,0,0,370906900,0,2,0
121001501,1210015,Colt Anaconda(NewBase),1,2,1,0,0,0,1,1,1440,0,0,370506800,1,2,0
121001502,1210015,Colt Anaconda(NewBase),1,2,1,0,0,0,1,1,10080,0,0,370506800,1,2,0
121001503,1210015,Colt Anaconda(NewBase),1,2,1,0,0,0,1,1,21600,0,0,370506800,1,2,0
121001504,1210015,Colt Anaconda(NewBase),1,2,1,0,0,0,1,1,43200,0,0,370506800,1,2,0
121001505,1210015,Colt Anaconda(NewBase),1,2,1,0,0,0,1,1,72000,0,0,370506800,1,2,0
121001506,1210015,Colt Anaconda(NewBase),1,2,1,0,0,0,1,1,129600,0,0,370506800,1,2,0
121001601,1210016,Anaconda-Gold,1,2,1,0,0,0,1,0,1440,0,0,370506800,0,2,0
121001602,1210016,Anaconda-Gold,1,2,1,0,0,0,1,0,10080,0,0,370506800,0,2,0
121001603,1210016,Anaconda-Gold,1,2,1,0,0,0,1,0,21600,0,0,370506800,0,2,0
121001604,1210016,Anaconda-Gold,1,2,1,0,0,0,1,0,43200,0,0,370506800,0,2,0
121001605,1210016,Anaconda-Gold,1,2,1,0,0,0,1,0,72000,0,0,370506800,0,2,0
121001606,1210016,Anaconda-Gold,1,2,1,0,0,0,1,0,129600,0,0,370506800,0,2,0
121001610,1210016,Anaconda-Gold,1,2,1,0,0,0,1,0,525600,0,0,370506800,0,2,0
121001701,1210017,Glock(NewBase),1,2,1,0,0,0,1,1,1440,0,0,370506800,1,2,0
121001702,1210017,Glock(NewBase),1,2,1,0,0,0,1,1,10080,0,0,370506800,1,2,0
121001703,1210017,Glock(NewBase),1,2,1,0,0,0,1,1,21600,0,0,370506800,1,2,0
121001704,1210017,Glock(NewBase),1,2,1,0,0,0,1,1,43200,0,0,370506800,1,2,0
121001705,1210017,Glock(NewBase),1,2,1,0,0,0,1,1,72000,0,0,370506800,1,2,0
121001706,1210017,Glock(NewBase),1,2,1,0,0,0,1,1,129600,0,0,370506800,1,2,0
121001801,1210018,Glock W.Spray,1,2,1,0,0,0,1,0,1440,0,0,370906800,0,2,0
121001802,1210018,Glock W.Spray,1,2,1,0,0,0,1,0,10080,0,0,370906800,0,2,0
121001803,1210018,Glock W.Spray,1,2,1,0,0,0,1,0,21600,0,0,370906800,0,2,0
121001804,1210018,Glock W.Spray,1,2,1,0,0,0,1,0,43200,0,0,370906800,0,2,0
121001805,1210018,Glock W.Spray,1,2,1,0,0,0,1,0,72000,0,0,370906800,0,2,0
121001806,1210018,Glock W.Spray,1,2,1,0,0,0,1,0,129600,0,0,370906800,0,2,0
121001901,1210019,Glock-JadeEd,1,2,1,0,0,0,1,0,1440,0,0,370506800,0,2,0
121001902,1210019,Glock-JadeEd,1,2,1,0,0,0,1,0,10080,0,0,370506800,0,2,0
121001903,1210019,Glock-JadeEd,1,2,1,0,0,0,1,0,21600,0,0,370506800,0,2,0
121001904,1210019,Glock-JadeEd,1,2,1,0,0,0,1,0,43200,0,0,370506800,0,2,0
121001905,1210019,Glock-JadeEd,1,2,1,0,0,0,1,0,72000,0,0,370506800,0,2,0
121001906,1210019,Glock-JadeEd,1,2,1,0,0,0,1,0,129600,0,0,370506800,0,2,0
121001910,1210019,Glock-JadeEd,1,2,1,0,0,0,1,0,525600,0,0,370506800,0,2,0
121009999,1210099,G19C3,1,2,1,0,0,0,1,1,0,0,0,370506800,0,2,0
131000301,1310003,(Old)Combat Knife,1,3,1,0,0,0,1,1,1440,0,0,350506350,1,3,0
131000302,1310003,(Old)Combat Knife,1,3,1,0,0,0,1,1,10080,0,0,350506350,1,3,0
131000303,1310003,(Old)Combat Knife,1,3,1,0,0,0,1,1,21600,0,0,350506350,1,3,0
131000304,1310003,(Old)Combat Knife,1,3,1,0,0,0,1,1,43200,0,0,350506350,1,3,0
131000305,1310003,(Old)Combat Knife,1,3,1,0,0,0,1,1,72000,0,0,350506350,1,3,0
131000401,1310004,(Old)Ottoman Quama,1,3,1,0,0,0,1,1,1440,0,0,350506350,1,3,0
131000402,1310004,(Old)Ottoman Quama,1,3,1,0,0,0,1,1,10080,0,0,350506350,1,3,0
131000403,1310004,(Old)Ottoman Quama,1,3,1,0,0,0,1,1,21600,0,0,350506350,1,3,0
131000404,1310004,(Old)Ottoman Quama,1,3,1,0,0,0,1,1,43200,0,0,350506350,1,3,0
131000405,1310004,(Old)Ottoman Quama,1,3,1,0,0,0,1,1,72000,0,0,350506350,1,3,0
131000501,1310005,(Old)Feux CombatKnife,1,3,1,0,0,0,1,1,1440,0,0,350106000,1,3,0
131000502,1310005,(Old)Feux CombatKnife,1,3,1,0,0,0,1,1,10080,0,0,350106000,1,3,0
131000503,1310005,(Old)Feux CombatKnife,1,3,1,0,0,0,1,1,21600,0,0,350106000,1,3,0
131000504,1310005,(Old)Feux CombatKnife,1,3,1,0,0,0,1,1,43200,0,0,350106000,1,3,0
131000505,1310005,(Old)Feux CombatKnife,1,3,1,0,0,0,1,1,72000,0,0,350106000,1,3,0
131000601,1310006,(Old)Feux CombatKnife_Cash,1,3,1,0,0,0,1,0,1440,0,0,350906600,0,3,0
131000602,1310006,(Old)Feux CombatKnife_Cash,1,3,1,0,0,0,1,0,10080,0,0,350906600,0,3,0
131000603,1310006,(Old)Feux CombatKnife_Cash,1,3,1,0,0,0,1,0,21600,0,0,350906600,0,3,0
131000604,1310006,(Old)Feux CombatKnife_Cash,1,3,1,0,0,0,1,0,43200,0,0,350906600,0,3,0
131000605,1310006,(Old)Feux CombatKnife_Cash,1,3,1,0,0,0,1,0,72000,0,0,350906600,0,3,0
131000606,1310006,(Old)Feux CombatKnife_Cash,1,3,1,0,0,0,1,0,129600,0,0,350906600,0,3,0
131000701,1310007,CombatKnife-Aqua,1,3,1,0,0,0,1,0,1440,0,0,350906600,0,3,0
131000702,1310007,CombatKnife-Aqua,1,3,1,0,0,0,1,0,10080,0,0,350906600,0,3,0
131000703,1310007,CombatKnife-Aqua,1,3,1,0,0,0,1,0,21600,0,0,350906600,0,3,0
131000704,1310007,CombatKnife-Aqua,1,3,1,0,0,0,1,0,43200,0,0,350906600,0,3,0
131000705,1310007,CombatKnife-Aqua,1,3,1,0,0,0,1,0,72000,0,0,350906600,0,3,0
131000706,1310007,CombatKnife-Aqua,1,3,1,0,0,0,1,0,129600,0,0,350906600,0,3,0
131000801,1310008,Combat Knife(NewBase),1,3,1,0,0,0,1,1,1440,0,0,350506350,1,3,0
131000802,1310008,Combat Knife(NewBase),1,3,1,0,0,0,1,1,10080,0,0,350506350,1,3,0
131000803,1310008,Combat Knife(NewBase),1,3,1,0,0,0,1,1,21600,0,0,350506350,1,3,0
131000804,1310008,Combat Knife(NewBase),1,3,1,0,0,0,1,1,43200,0,0,350506350,1,3,0
131000805,1310008,Combat Knife(NewBase),1,3,1,0,0,0,1,1,72000,0,0,350506350,1,3,0
131000806,1310008,Combat Knife(NewBase),1,3,1,0,0,0,1,1,129600,0,0,350506350,1,3,0
131000901,1310009,Feux CombatKnife(Achieve),1,3,1,0,0,0,1,1,1440,0,0,350106350,1,3,1
131000902,1310009,Feux CombatKnife(Achieve),1,3,1,0,0,0,1,1,10080,0,0,350106350,1,3,1
131000903,1310009,Feux CombatKnife(Achieve),1,3,1,0,0,0,1,1,21600,0,0,350106350,1,3,1
131000904,1310009,Feux CombatKnife(Achieve),1,3,1,0,0,0,1,1,43200,0,0,350106350,1,3,1
131000905,1310009,Feux CombatKnife(Achieve),1,3,1,0,0,0,1,1,72000,0,0,350106350,1,3,1
131000906,1310009,Feux CombatKnife(Achieve),1,3,1,0,0,0,1,1,129600,0,0,350106350,1,3,1
131001001,1310010,Feux CombatKnife(Cash),1,3,1,0,0,0,1,0,1440,0,0,350906600,0,3,0
131001002,1310010,Feux CombatKnife(Cash),1,3,1,0,0,0,1,0,10080,0,0,350906600,0,3,0
131001003,1310010,Feux CombatKnife(Cash),1,3,1,0,0,0,1,0,21600,0,0,350906600,0,3,0
131001004,1310010,Feux CombatKnife(Cash),1,3,1,0,0,0,1,0,43200,0,0,350906600,0,3,0
131001005,1310010,Feux CombatKnife(Cash),1,3,1,0,0,0,1,0,72000,0,0,350906600,0,3,0
131001006,1310010,Feux CombatKnife(Cash),1,3,1,0,0,0,1,0,129600,0,0,350906600,0,3,0
131001101,1310011,Ottoman Quama(NewBase),1,3,1,0,0,0,1,1,1440,0,0,350506350,1,3,0
131001102,1310011,Ottoman Quama(NewBase),1,3,1,0,0,0,1,1,10080,0,0,350506350,1,3,0
131001103,1310011,Ottoman Quama(NewBase),1,3,1,0,0,0,1,1,21600,0,0,350506350,1,3,0
131001104,1310011,Ottoman Quama(NewBase),1,3,1,0,0,0,1,1,43200,0,0,350506350,1,3,0
131001105,1310011,Ottoman Quama(NewBase),1,3,1,0,0,0,1,1,72000,0,0,350506350,1,3,0
131001106,1310011,Ottoman Quama(NewBase),1,3,1,0,0,0,1,1,129600,0,0,350506350,1,3,0
131001201,1310012,(Bombmode)CombatKnife-Aqua,1,3,1,0,0,0,1,1,60,0,0,350906600,1,3,0
131009999,1310099,M9 Knife,1,3,1,0,0,0,1,1,0,0,0,350506350,0,3,0
132000101,1320001,(Old)Hand Axe,1,3,2,0,0,0,1,1,1440,0,0,350506200,1,3,0
132000102,1320001,(Old)Hand Axe,1,3,2,0,0,0,1,1,10080,0,0,350506200,1,3,0
132000103,1320001,(Old)Hand Axe,1,3,2,0,0,0,1,1,21600,0,0,350506200,1,3,0
132000104,1320001,(Old)Hand Axe,1,3,2,0,0,0,1,1,43200,0,0,350506200,1,3,0
132000105,1320001,(Old)Hand Axe,1,3,2,0,0,0,1,1,72000,0,0,350506200,1,3,0
132000201,1320002,(Old)Meat Axe,1,3,2,0,0,0,1,0,1440,0,0,350906500,0,3,0
132000202,1320002,(Old)Meat Axe,1,3,2,0,0,0,1,0,10080,0,0,350906500,0,3,0
132000203,1320002,(Old)Meat Axe,1,3,2,0,0,0,1,0,21600,0,0,350906500,0,3,0
132000204,1320002,(Old)Meat Axe,1,3,2,0,0,0,1,0,43200,0,0,350906500,0,3,0
132000205,1320002,(Old)Meat Axe,1,3,2,0,0,0,1,0,72000,0,0,350906500,0,3,0
132000206,1320002,(Old)Meat Axe,1,3,2,0,0,0,1,0,129600,0,0,350906500,0,3,0
132000301,1320003,(Old)Dusky HandAxe,1,3,2,0,0,0,1,1,1440,0,0,350105900,1,3,0
132000302,1320003,(Old)Dusky HandAxe,1,3,2,0,0,0,1,1,10080,0,0,350105900,1,3,0
132000303,1320003,(Old)Dusky HandAxe,1,3,2,0,0,0,1,1,21600,0,0,350105900,1,3,0
132000304,1320003,(Old)Dusky HandAxe,1,3,2,0,0,0,1,1,43200,0,0,350105900,1,3,0
132000305,1320003,(Old)Dusky HandAxe,1,3,2,0,0,0,1,1,72000,0,0,350105900,1,3,0
132000401,1320004,(Old)HandAxe-Gold,1,3,2,0,0,0,1,0,1440,0,0,350906500,0,3,0
132000402,1320004,(Old)HandAxe-Gold,1,3,2,0,0,0,1,0,10080,0,0,350906500,0,3,0
132000403,1320004,(Old)HandAxe-Gold,1,3,2,0,0,0,1,0,21600,0,0,350906500,0,3,0
132000404,1320004,(Old)HandAxe-Gold,1,3,2,0,0,0,1,0,43200,0,0,350906500,0,3,0
132000405,1320004,(Old)HandAxe-Gold,1,3,2,0,0,0,1,0,72000,0,0,350906500,0,3,0
132000406,1320004,(Old)HandAxe-Gold,1,3,2,0,0,0,1,0,129600,0,0,350906500,0,3,0
132000501,1320005,(Old)Dusky HandAxe_Cash,1,3,2,0,0,0,1,0,1440,0,0,350906500,0,3,0
132000502,1320005,(Old)Dusky HandAxe_Cash,1,3,2,0,0,0,1,0,10080,0,0,350906500,0,3,0
132000503,1320005,(Old)Dusky HandAxe_Cash,1,3,2,0,0,0,1,0,21600,0,0,350906500,0,3,0
132000504,1320005,(Old)Dusky HandAxe_Cash,1,3,2,0,0,0,1,0,43200,0,0,350906500,0,3,0
132000505,1320005,(Old)Dusky HandAxe_Cash,1,3,2,0,0,0,1,0,72000,0,0,350906500,0,3,0
132000506,1320005,(Old)Dusky HandAxe_Cash,1,3,2,0,0,0,1,0,129600,0,0,350906500,0,3,0
132000601,1320006,Hand Axe(NewBase),1,3,2,0,0,0,1,1,1440,0,0,350506200,1,3,0
132000602,1320006,Hand Axe(NewBase),1,3,2,0,0,0,1,1,10080,0,0,350506200,1,3,0
132000603,1320006,Hand Axe(NewBase),1,3,2,0,0,0,1,1,21600,0,0,350506200,1,3,0
132000604,1320006,Hand Axe(NewBase),1,3,2,0,0,0,1,1,43200,0,0,350506200,1,3,0
132000605,1320006,Hand Axe(NewBase),1,3,2,0,0,0,1,1,72000,0,0,350506200,1,3,0
132000606,1320006,Hand Axe(NewBase),1,3,2,0,0,0,1,1,129600,0,0,350506200,1,3,0
132000701,1320007,HandAxe-Gold,1,3,2,0,0,0,1,0,1440,0,0,350506200,0,3,0
132000702,1320007,HandAxe-Gold,1,3,2,0,0,0,1,0,10080,0,0,350506200,0,3,0
132000703,1320007,HandAxe-Gold,1,3,2,0,0,0,1,0,21600,0,0,350506200,0,3,0
132000704,1320007,HandAxe-Gold,1,3,2,0,0,0,1,0,43200,0,0,350506200,0,3,0
132000705,1320007,HandAxe-Gold,1,3,2,0,0,0,1,0,72000,0,0,350506200,0,3,0
132000706,1320007,HandAxe-Gold,1,3,2,0,0,0,1,0,129600,0,0,350506200,0,3,0
132000710,1320007,HandAxe-Gold,1,3,2,0,0,0,1,0,525600,0,0,350506200,0,3,0
132000801,1320008,Dusky HandAxe(Achieve),1,3,2,0,0,0,1,1,1440,0,0,350106200,1,3,1
132000802,1320008,Dusky HandAxe(Achieve),1,3,2,0,0,0,1,1,10080,0,0,350106200,1,3,1
132000803,1320008,Dusky HandAxe(Achieve),1,3,2,0,0,0,1,1,21600,0,0,350106200,1,3,1
132000804,1320008,Dusky HandAxe(Achieve),1,3,2,0,0,0,1,1,43200,0,0,350106200,1,3,1
132000805,1320008,Dusky HandAxe(Achieve),1,3,2,0,0,0,1,1,72000,0,0,350106200,1,3,1
132000806,1320008,Dusky HandAxe(Achieve),1,3,2,0,0,0,1,1,129600,0,0,350106200,1,3,1
132000901,1320009,Dusky HandAxe(Cash),1,3,2,0,0,0,1,0,1440,0,0,350906200,0,3,0
132000902,1320009,Dusky HandAxe(Cash),1,3,2,0,0,0,1,0,10080,0,0,350906200,0,3,0
132000903,1320009,Dusky HandAxe(Cash),1,3,2,0,0,0,1,0,21600,0,0,350906200,0,3,0
132000904,1320009,Dusky HandAxe(Cash),1,3,2,0,0,0,1,0,43200,0,0,350906200,0,3,0
132000905,1320009,Dusky HandAxe(Cash),1,3,2,0,0,0,1,0,72000,0,0,350906200,0,3,0
132000906,1320009,Dusky HandAxe(Cash),1,3,2,0,0,0,1,0,129600,0,0,350906200,0,3,0
132001001,1320010,Meat Axe(NewBase),1,3,2,0,0,0,1,0,1440,0,0,350906200,0,3,0
132001002,1320010,Meat Axe(NewBase),1,3,2,0,0,0,1,0,10080,0,0,350906200,0,3,0
132001003,1320010,Meat Axe(NewBase),1,3,2,0,0,0,1,0,21600,0,0,350906200,0,3,0
132001004,1320010,Meat Axe(NewBase),1,3,2,0,0,0,1,0,43200,0,0,350906200,0,3,0
132001005,1320010,Meat Axe(NewBase),1,3,2,0,0,0,1,0,72000,0,0,350906200,0,3,0
132001006,1320010,Meat Axe(NewBase),1,3,2,0,0,0,1,0,129600,0,0,350906200,0,3,0
132001101,1320011,(Bombmode)Hand Axe,1,3,2,0,0,0,1,1,60,0,0,350506200,1,3,0
133000101,1330001,(Old)Punisher,1,3,3,0,0,0,1,1,1440,0,0,350506100,1,3,0
133000102,1330001,(Old)Punisher,1,3,3,0,0,0,1,1,10080,0,0,350506100,1,3,0
133000103,1330001,(Old)Punisher,1,3,3,0,0,0,1,1,21600,0,0,350506100,1,3,0
133000104,1330001,(Old)Punisher,1,3,3,0,0,0,1,1,43200,0,0,350506100,1,3,0
133000105,1330001,(Old)Punisher,1,3,3,0,0,0,1,1,72000,0,0,350506100,1,3,0
133000201,1330002,(Old)Bluish Punisher,1,3,3,0,0,0,1,1,1440,0,0,350105800,1,3,0
133000202,1330002,(Old)Bluish Punisher,1,3,3,0,0,0,1,1,10080,0,0,350105800,1,3,0
133000203,1330002,(Old)Bluish Punisher,1,3,3,0,0,0,1,1,21600,0,0,350105800,1,3,0
133000204,1330002,(Old)Bluish Punisher,1,3,3,0,0,0,1,1,43200,0,0,350105800,1,3,0
133000205,1330002,(Old)Bluish Punisher,1,3,3,0,0,0,1,1,72000,0,0,350105800,1,3,0
133000301,1330003,(Old)Punisher_Cash,1,3,3,0,0,0,1,0,1440,0,0,350906400,0,3,0
133000302,1330003,(Old)Punisher_Cash,1,3,3,0,0,0,1,0,10080,0,0,350906400,0,3,0
133000303,1330003,(Old)Punisher_Cash,1,3,3,0,0,0,1,0,21600,0,0,350906400,0,3,0
133000304,1330003,(Old)Punisher_Cash,1,3,3,0,0,0,1,0,43200,0,0,350906400,0,3,0
133000305,1330003,(Old)Punisher_Cash,1,3,3,0,0,0,1,0,72000,0,0,350906400,0,3,0
133000306,1330003,(Old)Punisher_Cash,1,3,3,0,0,0,1,0,129600,0,0,350906400,0,3,0
133000401,1330004,(Old)Bluish Punisher_Cash,1,3,3,0,0,0,1,0,1440,0,0,350906400,0,3,0
133000402,1330004,(Old)Bluish Punisher_Cash,1,3,3,0,0,0,1,0,10080,0,0,350906400,0,3,0
133000403,1330004,(Old)Bluish Punisher_Cash,1,3,3,0,0,0,1,0,21600,0,0,350906400,0,3,0
133000404,1330004,(Old)Bluish Punisher_Cash,1,3,3,0,0,0,1,0,43200,0,0,350906400,0,3,0
133000405,1330004,(Old)Bluish Punisher_Cash,1,3,3,0,0,0,1,0,72000,0,0,350906400,0,3,0
133000406,1330004,(Old)Bluish Punisher_Cash,1,3,3,0,0,0,1,0,129600,0,0,350906400,0,3,0
133000501,1330005,BaseballBat(NewBase),1,3,3,0,0,0,1,0,1440,0,0,350906100,0,3,0
133000502,1330005,BaseballBat(NewBase),1,3,3,0,0,0,1,0,10080,0,0,350906100,0,3,0
133000503,1330005,BaseballBat(NewBase),1,3,3,0,0,0,1,0,21600,0,0,350906100,0,3,0
133000504,1330005,BaseballBat(NewBase),1,3,3,0,0,0,1,0,43200,0,0,350906100,0,3,0
133000505,1330005,BaseballBat(NewBase),1,3,3,0,0,0,1,0,72000,0,0,350906100,0,3,0
133000506,1330005,BaseballBat(NewBase),1,3,3,0,0,0,1,0,129600,0,0,350906100,0,3,0
133000601,1330006,Punisher(NewBase),1,3,3,0,0,0,1,1,1440,0,0,350506100,1,3,0
133000602,1330006,Punisher(NewBase),1,3,3,0,0,0,1,1,10080,0,0,350506100,1,3,0
133000603,1330006,Punisher(NewBase),1,3,3,0,0,0,1,1,21600,0,0,350506100,1,3,0
133000604,1330006,Punisher(NewBase),1,3,3,0,0,0,1,1,43200,0,0,350506100,1,3,0
133000605,1330006,Punisher(NewBase),1,3,3,0,0,0,1,1,72000,0,0,350506100,1,3,0
133000606,1330006,Punisher(NewBase),1,3,3,0,0,0,1,1,129600,0,0,350506100,1,3,0
133000701,1330007,Bluish Punisher(Achieve),1,3,3,0,0,0,1,1,1440,0,0,350106100,1,3,1
133000702,1330007,Bluish Punisher(Achieve),1,3,3,0,0,0,1,1,10080,0,0,350106100,1,3,1
133000703,1330007,Bluish Punisher(Achieve),1,3,3,0,0,0,1,1,21600,0,0,350106100,1,3,1
133000704,1330007,Bluish Punisher(Achieve),1,3,3,0,0,0,1,1,43200,0,0,350106100,1,3,1
133000705,1330007,Bluish Punisher(Achieve),1,3,3,0,0,0,1,1,72000,0,0,350106100,1,3,1
133000706,1330007,Bluish Punisher(Achieve),1,3,3,0,0,0,1,1,129600,0,0,350106100,1,3,1
133000801,1330008,Bluish Punisher(Cash),1,3,3,0,0,0,1,0,1440,0,0,350906100,0,3,0
133000802,1330008,Bluish Punisher(Cash),1,3,3,0,0,0,1,0,10080,0,0,350906100,0,3,0
133000803,1330008,Bluish Punisher(Cash),1,3,3,0,0,0,1,0,21600,0,0,350906100,0,3,0
133000804,1330008,Bluish Punisher(Cash),1,3,3,0,0,0,1,0,43200,0,0,350906100,0,3,0
133000805,1330008,Bluish Punisher(Cash),1,3,3,0,0,0,1,0,72000,0,0,350906100,0,3,0
133000806,1330008,Bluish Punisher(Cash),1,3,3,0,0,0,1,0,129600,0,0,350906100,0,3,0
133000901,1330009,(Bombmode)BaseballBat,1,3,3,0,0,0,1,1,60,0,0,350506100,1,3,0
141000101,1410001,M14,1,4,1,0,0,0,1,1,1440,0,0,330505500,1,4,0
141000102,1410001,M14,1,4,1,0,0,0,1,1,10080,0,0,330505500,1,4,0
141000103,1410001,M14,1,4,1,0,0,0,1,1,21600,0,0,330505500,1,4,0
141000104,1410001,M14,1,4,1,0,0,0,1,1,43200,0,0,330505500,1,4,0
141000105,1410001,M14,1,4,1,0,0,0,1,1,72000,0,0,330505500,1,4,0
141000201,1410002,IED SB,1,4,1,0,0,0,1,1,1440,0,0,330505500,1,4,0
141000202,1410002,IED SB,1,4,1,0,0,0,1,1,10080,0,0,330505500,1,4,0
141000203,1410002,IED SB,1,4,1,0,0,0,1,1,21600,0,0,330505500,1,4,0
141000204,1410002,IED SB,1,4,1,0,0,0,1,1,43200,0,0,330505500,1,4,0
141000205,1410002,IED SB,1,4,1,0,0,0,1,1,72000,0,0,330505500,1,4,0
141000301,1410003,M18 White,1,4,1,0,0,0,1,1,1440,0,0,330505500,1,4,0
141000302,1410003,M18 White,1,4,1,0,0,0,1,1,10080,0,0,330505500,1,4,0
141000303,1410003,M18 White,1,4,1,0,0,0,1,1,21600,0,0,330505500,1,4,0
141000304,1410003,M18 White,1,4,1,0,0,0,1,1,43200,0,0,330505500,1,4,0
141000305,1410003,M18 White,1,4,1,0,0,0,1,1,72000,0,0,330505500,1,4,0
141000306,1410003,M18 White,1,4,1,0,0,0,1,1,129600,0,0,330505500,1,4,0
141000401,1410004,M84 Stun Frag,1,4,1,0,0,0,1,1,1440,0,0,330505500,1,4,0
141000402,1410004,M84 Stun Frag,1,4,1,0,0,0,1,1,10080,0,0,330505500,1,4,0
141000403,1410004,M84 Stun Frag,1,4,1,0,0,0,1,1,21600,0,0,330505500,1,4,0
141000404,1410004,M84 Stun Frag,1,4,1,0,0,0,1,1,43200,0,0,330505500,1,4,0
141000405,1410004,M84 Stun Frag,1,4,1,0,0,0,1,1,72000,0,0,330505500,1,4,0
141000501,1410005,M67 mk2(Achieve),1,4,1,0,0,0,1,1,1440,0,0,330105300,1,4,1
141000502,1410005,M67 mk2(Achieve),1,4,1,0,0,0,1,1,10080,0,0,330105300,1,4,1
141000503,1410005,M67 mk2(Achieve),1,4,1,0,0,0,1,1,21600,0,0,330105300,1,4,1
141000504,1410005,M67 mk2(Achieve),1,4,1,0,0,0,1,1,43200,0,0,330105300,1,4,1
141000505,1410005,M67 mk2(Achieve),1,4,1,0,0,0,1,1,72000,0,0,330105300,1,4,1
141000506,1410005,M67 mk2(Achieve),1,4,1,0,0,0,1,1,129600,0,0,330105300,1,4,1
141000601,1410006,Snow Bomb,1,4,1,0,0,0,1,0,1440,0,0,330905700,0,4,0
141000602,1410006,Snow Bomb,1,4,1,0,0,0,1,0,10080,0,0,330905700,0,4,0
141000603,1410006,Snow Bomb,1,4,1,0,0,0,1,0,21600,0,0,330905700,0,4,0
141000604,1410006,Snow Bomb,1,4,1,0,0,0,1,0,43200,0,0,330905700,0,4,0
141000605,1410006,Snow Bomb,1,4,1,0,0,0,1,0,72000,0,0,330905700,0,4,0
141000701,1410007,Poison Shell,1,4,1,0,0,0,1,1,1440,0,0,330505500,1,4,0
141000702,1410007,Poison Shell,1,4,1,0,0,0,1,1,10080,0,0,330505500,1,4,0
141000703,1410007,Poison Shell,1,4,1,0,0,0,1,1,21600,0,0,330505500,1,4,0
141000704,1410007,Poison Shell,1,4,1,0,0,0,1,1,43200,0,0,330505500,1,4,0
141000705,1410007,Poison Shell,1,4,1,0,0,0,1,1,72000,0,0,330505500,1,4,0
141000801,1410008,Flash Bang,1,4,1,0,0,0,1,1,1440,0,0,330505500,1,4,0
141000802,1410008,Flash Bang,1,4,1,0,0,0,1,1,10080,0,0,330505500,1,4,0
141000803,1410008,Flash Bang,1,4,1,0,0,0,1,1,21600,0,0,330505500,1,4,0
141000804,1410008,Flash Bang,1,4,1,0,0,0,1,1,43200,0,0,330505500,1,4,0
141000805,1410008,Flash Bang,1,4,1,0,0,0,1,1,72000,0,0,330505500,1,4,0
141000901,1410009,Heart Grenade,1,4,1,0,0,0,1,0,1440,0,0,330905700,0,4,0
141000902,1410009,Heart Grenade,1,4,1,0,0,0,1,0,10080,0,0,330905700,0,4,0
141000903,1410009,Heart Grenade,1,4,1,0,0,0,1,0,21600,0,0,330905700,0,4,0
141000904,1410009,Heart Grenade,1,4,1,0,0,0,1,0,43200,0,0,330905700,0,4,0
141000905,1410009,Heart Grenade,1,4,1,0,0,0,1,0,72000,0,0,330905700,0,4,0
141000906,1410009,Heart Grenade,1,4,1,0,0,0,1,0,129600,0,0,330905700,0,4,0
141001001,1410010,Aqua Bomb,1,4,1,0,0,0,1,1,1440,0,0,330905700,1,4,0
141001002,1410010,Aqua Bomb,1,4,1,0,0,0,1,1,10080,0,0,330905700,1,4,0
141001003,1410010,Aqua Bomb,1,4,1,0,0,0,1,1,21600,0,0,330905700,1,4,0
141001004,1410010,Aqua Bomb,1,4,1,0,0,0,1,1,43200,0,0,330905700,1,4,0
141001005,1410010,Aqua Bomb,1,4,1,0,0,0,1,1,72000,0,0,330905700,1,4,0
141001006,1410010,Aqua Bomb,1,4,1,0,0,0,1,1,129600,0,0,330905700,1,4,0
141009999,1410099,M67 Frag,1,4,1,0,0,0,1,1,0,0,0,330505500,0,4,0
142000101,1420001,IED C4,1,4,2,0,0,0,1,1,1440,0,0,330505400,1,4,0
142000102,1420001,IED C4,1,4,2,0,0,0,1,1,10080,0,0,330505400,1,4,0
142000103,1420001,IED C4,1,4,2,0,0,0,1,1,21600,0,0,330505400,1,4,0
142000104,1420001,IED C4,1,4,2,0,0,0,1,1,43200,0,0,330505400,1,4,0
142000105,1420001,IED C4,1,4,2,0,0,0,1,1,72000,0,0,330505400,1,4,0
142000501,1420005,Mr02,1,4,2,0,0,0,1,1,1440,0,0,330505400,1,4,0
142000502,1420005,Mr02,1,4,2,0,0,0,1,1,10080,0,0,330505400,1,4,0
142000503,1420005,Mr02,1,4,2,0,0,0,1,1,21600,0,0,330505400,1,4,0
142000504,1420005,Mr02,1,4,2,0,0,0,1,1,43200,0,0,330505400,1,4,0
142000505,1420005,Mr02,1,4,2,0,0,0,1,1,72000,0,0,330505400,1,4,0
142009999,1420099,IED C4 (Timebomb),1,4,2,0,0,0,1,1,0,0,0,330505400,1,4,0
211100101,2111001,(Old)UV_Muzie,2,1,1,1,1,1,1,1,1440,3037001,0,405500000,0,10,0
211100102,2111001,(Old)UV_Muzie,2,1,1,1,1,1,1,1,10080,3037001,0,405500000,0,10,0
211100201,2111002,(Old)Jin,2,1,1,1,1,1,1,0,1440,9203001,0,405900000,0,10,0
211100202,2111002,(Old)Jin,2,1,1,1,1,1,1,0,10080,9203001,0,405900000,0,10,0
211100203,2111002,(Old)Jin,2,1,1,1,1,1,1,0,21600,9203001,0,405900000,0,10,0
211100204,2111002,(Old)Jin,2,1,1,1,1,1,1,0,43200,9203001,0,405900000,0,10,0
211100205,2111002,(Old)Jin,2,1,1,1,1,1,1,0,72000,9203001,0,405900000,0,10,0
211100301,2111003,Kim Yellow,2,1,1,1,1,1,1,1,60,0,0,405500000,0,10,0
211100401,2111004,Lawrence,2,1,1,1,1,1,1,0,1440,4014005,0,405900000,0,10,0
211100402,2111004,Lawrence,2,1,1,1,1,1,1,0,10080,4014005,0,405900000,0,10,0
211100403,2111004,Lawrence,2,1,1,1,1,1,1,0,21600,4014005,0,405900000,0,10,0
211100404,2111004,Lawrence,2,1,1,1,1,1,1,0,43200,4014005,0,405900000,0,10,0
211100405,2111004,Lawrence,2,1,1,1,1,1,1,0,72000,4014005,0,405900000,0,10,0
211100406,2111004,Lawrence,2,1,1,1,1,1,1,0,129600,4014005,0,405900000,0,10,0
211100501,2111005,(Old)Jin_NA,2,1,1,1,1,1,1,0,1440,9203002,0,405500000,0,10,0
211100502,2111005,(Old)Jin_NA,2,1,1,1,1,1,1,0,10080,9203002,0,405500000,0,10,0
211100503,2111005,(Old)Jin_NA,2,1,1,1,1,1,1,0,21600,9203002,0,405500000,0,10,0
211100504,2111005,(Old)Jin_NA,2,1,1,1,1,1,1,0,43200,9203002,0,405500000,0,10,0
211100505,2111005,(Old)Jin_NA,2,1,1,1,1,1,1,0,72000,9203002,0,405500000,0,10,0
211100506,2111005,(Old)Jin_NA,2,1,1,1,1,1,1,0,129600,9203002,0,405500000,0,10,0
211100601,2111006,Rudolph,2,1,1,1,1,1,1,0,1440,0,0,405500000,0,10,0
211100602,2111006,Rudolph,2,1,1,1,1,1,1,0,10080,0,0,405500000,0,10,0
211100603,2111006,Rudolph,2,1,1,1,1,1,1,0,21600,0,0,405500000,0,10,0
211100604,2111006,Rudolph,2,1,1,1,1,1,1,0,43200,0,0,405500000,0,10,0
211100605,2111006,Rudolph,2,1,1,1,1,1,1,0,72000,0,0,405500000,0,10,0
211100701,2111007,Baraz,2,1,1,1,1,1,1,0,1440,4014006,0,405500000,0,10,0
211100702,2111007,Baraz,2,1,1,1,1,1,1,0,10080,4014006,0,405500000,0,10,0
211100703,2111007,Baraz,2,1,1,1,1,1,1,0,21600,4014006,0,405500000,0,10,0
211100704,2111007,Baraz,2,1,1,1,1,1,1,0,43200,4014006,0,405500000,0,10,0
211100705,2111007,Baraz,2,1,1,1,1,1,1,0,72000,4014006,0,405500000,0,10,0
211100706,2111007,Baraz,2,1,1,1,1,1,1,0,129600,4014006,0,405500000,0,10,0
211100801,2111008,Baraz_Plus,2,1,1,1,1,1,1,0,1440,4014007,0,405900000,0,10,0
211100802,2111008,Baraz_Plus,2,1,1,1,1,1,1,0,10080,4014007,0,405900000,0,10,0
211100803,2111008,Baraz_Plus,2,1,1,1,1,1,1,0,21600,4014007,0,405900000,0,10,0
211100804,2111008,Baraz_Plus,2,1,1,1,1,1,1,0,43200,4014007,0,405900000,0,10,0
211100805,2111008,Baraz_Plus,2,1,1,1,1,1,1,0,72000,4014007,0,405900000,0,10,0
211100806,2111008,Baraz_Plus,2,1,1,1,1,1,1,0,129600,4014007,0,405900000,0,10,0
211100810,2111008,Baraz_Plus,2,1,1,1,1,1,1,0,525600,4014007,0,405900000,0,10,0
211103501,2111035,Viktor,2,1,1,1,1,1,1,0,1440,9203001,0,405500000,0,10,0
211103502,2111035,Viktor,2,1,1,1,1,1,1,0,10080,9203001,0,405500000,0,10,0
211103503,2111035,Viktor,2,1,1,1,1,1,1,0,21600,9203001,0,405500000,0,10,0
211103504,2111035,Viktor,2,1,1,1,1,1,1,0,43200,9203001,0,405500000,0,10,0
211103505,2111035,Viktor,2,1,1,1,1,1,1,0,72000,9203001,0,405500000,0,10,0
211103506,2111035,Viktor,2,1,1,1,1,1,1,0,129600,9203001,0,405500000,0,10,0
211103510,2111035,Viktor,2,1,1,1,1,1,1,0,525600,9203001,0,405500000,0,10,0
211109801,2111098,Animal_Wolf,2,1,1,1,1,1,1,1,60,0,0,405500000,1,10,0
211109999,2111099,Igor,2,1,1,1,1,1,1,1,0,0,0,405500000,0,10,0
211200101,2112001,Gloria,2,1,1,2,1,2,1,0,1440,4014003,0,405500000,0,10,0
211200102,2112001,Gloria,2,1,1,2,1,2,1,0,10080,4014003,0,405500000,0,10,0
211200103,2112001,Gloria,2,1,1,2,1,2,1,0,21600,4014003,0,405500000,0,10,0
211200104,2112001,Gloria,2,1,1,2,1,2,1,0,43200,4014003,0,405500000,0,10,0
211200105,2112001,Gloria,2,1,1,2,1,2,1,0,72000,4014003,0,405500000,0,10,0
211200106,2112001,Gloria,2,1,1,2,1,2,1,0,129600,4014003,0,405500000,0,10,0
211200201,2112002,Briget,2,1,1,2,1,2,1,0,1440,4014002,0,405500000,0,10,0
211200202,2112002,Briget,2,1,1,2,1,2,1,0,10080,4014002,0,405500000,0,10,0
211200203,2112002,Briget,2,1,1,2,1,2,1,0,21600,4014002,0,405500000,0,10,0
211200204,2112002,Briget,2,1,1,2,1,2,1,0,43200,4014002,0,405500000,0,10,0
211200205,2112002,Briget,2,1,1,2,1,2,1,0,72000,4014002,0,405500000,0,10,0
211200206,2112002,Briget,2,1,1,2,1,2,1,0,129600,4014002,0,405500000,0,10,0
211200301,2112003,swat_woman_2,2,1,1,2,1,2,1,0,1440,0,0,405500000,0,10,0
211200302,2112003,swat_woman_2,2,1,1,2,1,2,1,0,10080,0,0,405500000,0,10,0
211200303,2112003,swat_woman_2,2,1,1,2,1,2,1,0,21600,0,0,405500000,0,10,0
211200304,2112003,swat_woman_2,2,1,1,2,1,2,1,0,43200,0,0,405500000,0,10,0
211200305,2112003,swat_woman_2,2,1,1,2,1,2,1,0,72000,0,0,405500000,0,10,0
211200401,2112004,Briget_Plus,2,1,1,2,1,2,1,0,1440,4014001,0,405900000,0,10,0
211200402,2112004,Briget_Plus,2,1,1,2,1,2,1,0,10080,4014001,0,405900000,0,10,0
211200403,2112004,Briget_Plus,2,1,1,2,1,2,1,0,21600,4014001,0,405900000,0,10,0
211200404,2112004,Briget_Plus,2,1,1,2,1,2,1,0,43200,4014001,0,405900000,0,10,0
211200405,2112004,Briget_Plus,2,1,1,2,1,2,1,0,72000,4014001,0,405900000,0,10,0
211200406,2112004,Briget_Plus,2,1,1,2,1,2,1,0,129600,4014001,0,405900000,0,10,0
211200410,2112004,Briget_Plus,2,1,1,2,1,2,1,0,525600,4014001,0,405900000,0,10,0
211200501,2112005,Bikini_Melissa,2,1,1,2,1,2,1,0,1440,4014008,0,405500000,0,10,0
211200502,2112005,Bikini_Melissa,2,1,1,2,1,2,1,0,10080,4014008,0,405500000,0,10,0
211200503,2112005,Bikini_Melissa,2,1,1,2,1,2,1,0,21600,4014008,0,405500000,0,10,0
211200504,2112005,Bikini_Melissa,2,1,1,2,1,2,1,0,43200,4014008,0,405500000,0,10,0
211200505,2112005,Bikini_Melissa,2,1,1,2,1,2,1,0,72000,4014008,0,405500000,0,10,0
211200506,2112005,Bikini_Melissa,2,1,1,2,1,2,1,0,129600,4014008,0,405500000,0,10,0
211200601,2112006,Gloria_Plus,2,1,1,2,1,2,1,0,1440,4014004,0,405500000,0,10,0
211200602,2112006,Gloria_Plus,2,1,1,2,1,2,1,0,10080,4014004,0,405500000,0,10,0
211200603,2112006,Gloria_Plus,2,1,1,2,1,2,1,0,21600,4014004,0,405500000,0,10,0
211200604,2112006,Gloria_Plus,2,1,1,2,1,2,1,0,43200,4014004,0,405500000,0,10,0
211200605,2112006,Gloria_Plus,2,1,1,2,1,2,1,0,72000,4014004,0,405500000,0,10,0
211200606,2112006,Gloria_Plus,2,1,1,2,1,2,1,0,129600,4014004,0,405500000,0,10,0
211200610,2112006,Gloria_Plus,2,1,1,2,1,2,1,0,525600,4014004,0,405500000,0,10,0
211200701,2112007,SWAT_Nurse,2,1,1,2,1,2,1,0,1440,3033001,0,405500000,0,10,0
211200702,2112007,SWAT_Nurse,2,1,1,2,1,2,1,0,10080,3033001,0,405500000,0,10,0
211200703,2112007,SWAT_Nurse,2,1,1,2,1,2,1,0,21600,3033001,0,405500000,0,10,0
211200704,2112007,SWAT_Nurse,2,1,1,2,1,2,1,0,43200,3033001,0,405500000,0,10,0
211200705,2112007,SWAT_Nurse,2,1,1,2,1,2,1,0,72000,3033001,0,405500000,0,10,0
211200706,2112007,SWAT_Nurse,2,1,1,2,1,2,1,0,129600,3033001,0,405500000,0,10,0
211300101,2113001,(Old)UV_Yoo Se Yoon,2,1,1,3,2,1,1,1,1440,3037001,0,409500000,0,11,0
211300102,2113001,(Old)UV_Yoo Se Yoon,2,1,1,3,2,1,1,1,10080,3037001,0,409500000,0,11,0
211300201,2113002,(Old)Mr.Mad,2,1,1,3,2,1,1,0,1440,9103001,0,409900000,0,11,0
211300202,2113002,(Old)Mr.Mad,2,1,1,3,2,1,1,0,10080,9103001,0,409900000,0,11,0
211300203,2113002,(Old)Mr.Mad,2,1,1,3,2,1,1,0,21600,9103001,0,409900000,0,11,0
211300204,2113002,(Old)Mr.Mad,2,1,1,3,2,1,1,0,43200,9103001,0,409900000,0,11,0
211300205,2113002,(Old)Mr.Mad,2,1,1,3,2,1,1,0,72000,9103001,0,409900000,0,11,0
211300301,2113003,Kim Black,2,1,1,3,2,1,1,1,60,0,0,409500000,0,11,0
211300401,2113004,Jackson,2,1,1,3,2,1,1,0,1440,4014005,0,409900000,0,11,0
211300402,2113004,Jackson,2,1,1,3,2,1,1,0,10080,4014005,0,409900000,0,11,0
211300403,2113004,Jackson,2,1,1,3,2,1,1,0,21600,4014005,0,409900000,0,11,0
211300404,2113004,Jackson,2,1,1,3,2,1,1,0,43200,4014005,0,409900000,0,11,0
211300405,2113004,Jackson,2,1,1,3,2,1,1,0,72000,4014005,0,409900000,0,11,0
211300406,2113004,Jackson,2,1,1,3,2,1,1,0,129600,4014005,0,409900000,0,11,0
211300501,2113005,(Old)Mr.Mad_NA,2,1,1,3,2,1,1,0,1440,9103002,0,409500000,0,11,0
211300502,2113005,(Old)Mr.Mad_NA,2,1,1,3,2,1,1,0,10080,9103002,0,409500000,0,11,0
211300503,2113005,(Old)Mr.Mad_NA,2,1,1,3,2,1,1,0,21600,9103002,0,409500000,0,11,0
211300504,2113005,(Old)Mr.Mad_NA,2,1,1,3,2,1,1,0,43200,9103002,0,409500000,0,11,0
211300505,2113005,(Old)Mr.Mad_NA,2,1,1,3,2,1,1,0,72000,9103002,0,409500000,0,11,0
211300506,2113005,(Old)Mr.Mad_NA,2,1,1,3,2,1,1,0,129600,9103002,0,409500000,0,11,0
211300601,2113006,Santa,2,1,1,3,2,1,1,0,1440,0,0,409500000,0,11,0
211300602,2113006,Santa,2,1,1,3,2,1,1,0,10080,0,0,409500000,0,11,0
211300603,2113006,Santa,2,1,1,3,2,1,1,0,21600,0,0,409500000,0,11,0
211300604,2113006,Santa,2,1,1,3,2,1,1,0,43200,0,0,409500000,0,11,0
211300605,2113006,Santa,2,1,1,3,2,1,1,0,72000,0,0,409500000,0,11,0
211300701,2113007,Besnik,2,1,1,3,2,1,1,0,1440,4014006,0,409500000,0,11,0
211300702,2113007,Besnik,2,1,1,3,2,1,1,0,10080,4014006,0,409500000,0,11,0
211300703,2113007,Besnik,2,1,1,3,2,1,1,0,21600,4014006,0,409500000,0,11,0
211300704,2113007,Besnik,2,1,1,3,2,1,1,0,43200,4014006,0,409500000,0,11,0
211300705,2113007,Besnik,2,1,1,3,2,1,1,0,72000,4014006,0,409500000,0,11,0
211300706,2113007,Besnik,2,1,1,3,2,1,1,0,129600,4014006,0,409500000,0,11,0
211300801,2113008,Besnik_Plus,2,1,1,3,2,1,1,0,1440,4014007,0,409900000,0,11,0
211300802,2113008,Besnik_Plus,2,1,1,3,2,1,1,0,10080,4014007,0,409900000,0,11,0
211300803,2113008,Besnik_Plus,2,1,1,3,2,1,1,0,21600,4014007,0,409900000,0,11,0
211300804,2113008,Besnik_Plus,2,1,1,3,2,1,1,0,43200,4014007,0,409900000,0,11,0
211300805,2113008,Besnik_Plus,2,1,1,3,2,1,1,0,72000,4014007,0,409900000,0,11,0
211300806,2113008,Besnik_Plus,2,1,1,3,2,1,1,0,129600,4014007,0,409900000,0,11,0
211300810,2113008,Besnik_Plus,2,1,1,3,2,1,1,0,525600,4014007,0,409900000,0,11,0
211303501,2113035,Mr. King,2,1,1,3,2,1,1,0,1440,9103001,0,409900000,0,11,0
211303502,2113035,Mr. King,2,1,1,3,2,1,1,0,10080,9103001,0,409900000,0,11,0
211303503,2113035,Mr. King,2,1,1,3,2,1,1,0,21600,9103001,0,409900000,0,11,0
211303504,2113035,Mr. King,2,1,1,3,2,1,1,0,43200,9103001,0,409900000,0,11,0
211303505,2113035,Mr. King,2,1,1,3,2,1,1,0,72000,9103001,0,409900000,0,11,0
211303506,2113035,Mr. King,2,1,1,3,2,1,1,0,129600,9103001,0,409900000,0,11,0
211303510,2113035,Mr. King,2,1,1,3,2,1,1,0,525600,9103001,0,409900000,0,11,0
211309701,2113097,Animal_Duck,2,1,1,3,2,1,1,0,1440,0,0,409500000,0,11,0
211309801,2113098,Animal_Pig,2,1,1,3,2,1,1,1,60,0,0,409500000,1,11,0
211309999,2113099,Joan,2,1,1,3,2,1,1,1,0,0,0,409500000,0,11,0
211399901,2113999,Blackman,2,1,1,3,2,1,1,1,60,0,0,409500000,1,11,0
211400101,2114001,Emilia,2,1,1,4,2,2,1,0,1440,4014002,0,409500000,0,11,0
211400102,2114001,Emilia,2,1,1,4,2,2,1,0,10080,4014002,0,409500000,0,11,0
211400103,2114001,Emilia,2,1,1,4,2,2,1,0,21600,4014002,0,409500000,0,11,0
211400104,2114001,Emilia,2,1,1,4,2,2,1,0,43200,4014002,0,409500000,0,11,0
211400105,2114001,Emilia,2,1,1,4,2,2,1,0,72000,4014002,0,409500000,0,11,0
211400106,2114001,Emilia,2,1,1,4,2,2,1,0,129600,4014002,0,409500000,0,11,0
211400201,2114002,Maya,2,1,1,4,2,2,1,0,1440,0,0,409500000,0,11,0
211400202,2114002,Maya,2,1,1,4,2,2,1,0,10080,0,0,409500000,0,11,0
211400203,2114002,Maya,2,1,1,4,2,2,1,0,21600,0,0,409500000,0,11,0
211400204,2114002,Maya,2,1,1,4,2,2,1,0,43200,0,0,409500000,0,11,0
211400205,2114002,Maya,2,1,1,4,2,2,1,0,72000,0,0,409500000,0,11,0
211400301,2114003,Debora,2,1,1,4,2,2,1,0,1440,4014003,0,409500000,0,11,0
211400302,2114003,Debora,2,1,1,4,2,2,1,0,10080,4014003,0,409500000,0,11,0
211400303,2114003,Debora,2,1,1,4,2,2,1,0,21600,4014003,0,409500000,0,11,0
211400304,2114003,Debora,2,1,1,4,2,2,1,0,43200,4014003,0,409500000,0,11,0
211400305,2114003,Debora,2,1,1,4,2,2,1,0,72000,4014003,0,409500000,0,11,0
211400306,2114003,Debora,2,1,1,4,2,2,1,0,129600,4014003,0,409500000,0,11,0
211400401,2114004,Emilia_Plus,2,1,1,4,2,2,1,0,1440,4014001,0,409900000,0,11,0
211400402,2114004,Emilia_Plus,2,1,1,4,2,2,1,0,10080,4014001,0,409900000,0,11,0
211400403,2114004,Emilia_Plus,2,1,1,4,2,2,1,0,21600,4014001,0,409900000,0,11,0
211400404,2114004,Emilia_Plus,2,1,1,4,2,2,1,0,43200,4014001,0,409900000,0,11,0
211400405,2114004,Emilia_Plus,2,1,1,4,2,2,1,0,72000,4014001,0,409900000,0,11,0
211400406,2114004,Emilia_Plus,2,1,1,4,2,2,1,0,129600,4014001,0,409900000,0,11,0
211400410,2114004,Emilia_Plus,2,1,1,4,2,2,1,0,525600,4014001,0,409900000,0,11,0
211400501,2114005,Bikini_Amber,2,1,1,4,2,2,1,0,1440,4014008,0,409500000,0,11,0
211400502,2114005,Bikini_Amber,2,1,1,4,2,2,1,0,10080,4014008,0,409500000,0,11,0
211400503,2114005,Bikini_Amber,2,1,1,4,2,2,1,0,21600,4014008,0,409500000,0,11,0
211400504,2114005,Bikini_Amber,2,1,1,4,2,2,1,0,43200,4014008,0,409500000,0,11,0
211400505,2114005,Bikini_Amber,2,1,1,4,2,2,1,0,72000,4014008,0,409500000,0,11,0
211400506,2114005,Bikini_Amber,2,1,1,4,2,2,1,0,129600,4014008,0,409500000,0,11,0
211400601,2114006,Debora_Plus,2,1,1,4,2,2,1,0,1440,4014004,0,409500000,0,11,0
211400602,2114006,Debora_Plus,2,1,1,4,2,2,1,0,10080,4014004,0,409500000,0,11,0
211400603,2114006,Debora_Plus,2,1,1,4,2,2,1,0,21600,4014004,0,409500000,0,11,0
211400604,2114006,Debora_Plus,2,1,1,4,2,2,1,0,43200,4014004,0,409500000,0,11,0
211400605,2114006,Debora_Plus,2,1,1,4,2,2,1,0,72000,4014004,0,409500000,0,11,0
211400606,2114006,Debora_Plus,2,1,1,4,2,2,1,0,129600,4014004,0,409500000,0,11,0
211400610,2114006,Debora_Plus,2,1,1,4,2,2,1,0,525600,4014004,0,409500000,0,11,0
211400701,2114007,Gangster_Nurse,2,1,1,4,2,2,1,0,1440,3033001,0,409500000,0,11,0
211400702,2114007,Gangster_Nurse,2,1,1,4,2,2,1,0,10080,3033001,0,409500000,0,11,0
211400703,2114007,Gangster_Nurse,2,1,1,4,2,2,1,0,21600,3033001,0,409500000,0,11,0
211400704,2114007,Gangster_Nurse,2,1,1,4,2,2,1,0,43200,3033001,0,409500000,0,11,0
211400705,2114007,Gangster_Nurse,2,1,1,4,2,2,1,0,72000,3033001,0,409500000,0,11,0
211400706,2114007,Gangster_Nurse,2,1,1,4,2,2,1,0,129600,3033001,0,409500000,0,11,0
221100101,2211001,Swept Middle Cut,2,2,1,1,1,1,1,1,1440,0,0,295508700,1,5,0
221100102,2211001,Swept Middle Cut,2,2,1,1,1,1,1,1,10080,0,0,295508700,1,5,0
221100103,2211001,Swept Middle Cut,2,2,1,1,1,1,1,1,21600,0,0,295508700,1,5,0
221100104,2211001,Swept Middle Cut,2,2,1,1,1,1,1,1,43200,0,0,295508700,1,5,0
221100105,2211001,Swept Middle Cut,2,2,1,1,1,1,1,1,72000,0,0,295508700,1,5,0
221100106,2211001,Swept Middle Cut,2,2,1,1,1,1,1,1,129600,0,0,295508700,1,5,0
221100201,2211002,SWAT_Default Hair,2,2,1,1,1,1,1,1,0,0,0,295508700,0,5,0
221100301,2211003,Swept Short Cut,2,2,1,1,1,1,1,1,1440,0,0,295508700,1,5,0
221100302,2211003,Swept Short Cut,2,2,1,1,1,1,1,1,10080,0,0,295508700,1,5,0
221100303,2211003,Swept Short Cut,2,2,1,1,1,1,1,1,21600,0,0,295508700,1,5,0
221100304,2211003,Swept Short Cut,2,2,1,1,1,1,1,1,43200,0,0,295508700,1,5,0
221100305,2211003,Swept Short Cut,2,2,1,1,1,1,1,1,72000,0,0,295508700,1,5,0
221100306,2211003,Swept Short Cut,2,2,1,1,1,1,1,1,129600,0,0,295508700,1,5,0
221100401,2211004,Swept Legend,2,2,1,1,1,1,1,0,1440,3014008,0,295909000,0,5,0
221100402,2211004,Swept Legend,2,2,1,1,1,1,1,0,10080,3014008,0,295909000,0,5,0
221100403,2211004,Swept Legend,2,2,1,1,1,1,1,0,21600,3014008,0,295909000,0,5,0
221100404,2211004,Swept Legend,2,2,1,1,1,1,1,0,43200,3014008,0,295909000,0,5,0
221100405,2211004,Swept Legend,2,2,1,1,1,1,1,0,72000,3014008,0,295909000,0,5,0
221100406,2211004,Swept Legend,2,2,1,1,1,1,1,0,129600,3014008,0,295909000,0,5,0
221100501,2211005,Swept Soft Cut,2,2,1,1,1,1,1,1,1440,0,0,295508700,1,5,0
221100502,2211005,Swept Soft Cut,2,2,1,1,1,1,1,1,10080,0,0,295508700,1,5,0
221100503,2211005,Swept Soft Cut,2,2,1,1,1,1,1,1,21600,0,0,295508700,1,5,0
221100504,2211005,Swept Soft Cut,2,2,1,1,1,1,1,1,43200,0,0,295508700,1,5,0
221100505,2211005,Swept Soft Cut,2,2,1,1,1,1,1,1,72000,0,0,295508700,1,5,0
221100506,2211005,Swept Soft Cut,2,2,1,1,1,1,1,1,129600,0,0,295508700,1,5,0
221100601,2211006,Dreadlocks,2,2,1,1,1,1,1,1,60,0,0,295508700,1,5,0
221100701,2211007,Swept Natural,2,2,1,1,1,1,1,1,1440,0,0,295508700,1,5,0
221100702,2211007,Swept Natural,2,2,1,1,1,1,1,1,10080,0,0,295508700,1,5,0
221100703,2211007,Swept Natural,2,2,1,1,1,1,1,1,21600,0,0,295508700,1,5,0
221100704,2211007,Swept Natural,2,2,1,1,1,1,1,1,43200,0,0,295508700,1,5,0
221100705,2211007,Swept Natural,2,2,1,1,1,1,1,1,72000,0,0,295508700,1,5,0
221100706,2211007,Swept Natural,2,2,1,1,1,1,1,1,129600,0,0,295508700,1,5,0
221100801,2211008,Regent Cut(Achieve),2,2,1,1,1,1,1,1,1440,3014001,0,295108400,1,5,1
221100802,2211008,Regent Cut(Achieve),2,2,1,1,1,1,1,1,10080,3014001,0,295108400,1,5,1
221100803,2211008,Regent Cut(Achieve),2,2,1,1,1,1,1,1,21600,3014001,0,295108400,1,5,1
221100804,2211008,Regent Cut(Achieve),2,2,1,1,1,1,1,1,43200,3014001,0,295108400,1,5,1
221100805,2211008,Regent Cut(Achieve),2,2,1,1,1,1,1,1,72000,3014001,0,295108400,1,5,1
221100806,2211008,Regent Cut(Achieve),2,2,1,1,1,1,1,1,129600,3014001,0,295108400,1,5,1
221100901,2211009,Long Dandycut,2,2,1,1,1,1,1,1,1440,0,0,295508700,1,5,0
221100902,2211009,Long Dandycut,2,2,1,1,1,1,1,1,10080,0,0,295508700,1,5,0
221100903,2211009,Long Dandycut,2,2,1,1,1,1,1,1,21600,0,0,295508700,1,5,0
221100904,2211009,Long Dandycut,2,2,1,1,1,1,1,1,43200,0,0,295508700,1,5,0
221100905,2211009,Long Dandycut,2,2,1,1,1,1,1,1,72000,0,0,295508700,1,5,0
221100906,2211009,Long Dandycut,2,2,1,1,1,1,1,1,129600,0,0,295508700,1,5,0
221101001,2211010,Regent Cut_Cash,2,2,1,1,1,1,1,0,1440,3014008,0,295909000,0,5,0
221101002,2211010,Regent Cut_Cash,2,2,1,1,1,1,1,0,10080,3014008,0,295909000,0,5,0
221101003,2211010,Regent Cut_Cash,2,2,1,1,1,1,1,0,21600,3014008,0,295909000,0,5,0
221101004,2211010,Regent Cut_Cash,2,2,1,1,1,1,1,0,43200,3014008,0,295909000,0,5,0
221101005,2211010,Regent Cut_Cash,2,2,1,1,1,1,1,0,72000,3014008,0,295909000,0,5,0
221101006,2211010,Regent Cut_Cash,2,2,1,1,1,1,1,0,129600,3014008,0,295909000,0,5,0
221103501,2211035,Straight Back,2,2,1,1,1,1,1,0,1440,0,0,295108400,0,5,0
221103502,2211035,Straight Back,2,2,1,1,1,1,1,0,10080,0,0,295108400,0,5,0
221103503,2211035,Straight Back,2,2,1,1,1,1,1,0,21600,0,0,295108400,0,5,0
221103504,2211035,Straight Back,2,2,1,1,1,1,1,0,43200,0,0,295108400,0,5,0
221103505,2211035,Straight Back,2,2,1,1,1,1,1,0,72000,0,0,295108400,0,5,0
221103506,2211035,Straight Back,2,2,1,1,1,1,1,0,129600,0,0,295108400,0,5,0
221200501,2212005,Tender Perm,2,2,2,2,1,2,1,0,1440,0,0,295908800,0,5,0
221200502,2212005,Tender Perm,2,2,2,2,1,2,1,0,10080,0,0,295908800,0,5,0
221200503,2212005,Tender Perm,2,2,2,2,1,2,1,0,21600,0,0,295908800,0,5,0
221200504,2212005,Tender Perm,2,2,2,2,1,2,1,0,43200,0,0,295908800,0,5,0
221200505,2212005,Tender Perm,2,2,2,2,1,2,1,0,72000,0,0,295908800,0,5,0
221200506,2212005,Tender Perm,2,2,2,2,1,2,1,0,129600,0,0,295908800,0,5,0
221300101,2213001,Soft Mohican,2,2,1,3,2,1,1,1,1440,0,0,299508700,1,5,0
221300102,2213001,Soft Mohican,2,2,1,3,2,1,1,1,10080,0,0,299508700,1,5,0
221300103,2213001,Soft Mohican,2,2,1,3,2,1,1,1,21600,0,0,299508700,1,5,0
221300104,2213001,Soft Mohican,2,2,1,3,2,1,1,1,43200,0,0,299508700,1,5,0
221300105,2213001,Soft Mohican,2,2,1,3,2,1,1,1,72000,0,0,299508700,1,5,0
221300106,2213001,Soft Mohican,2,2,1,3,2,1,1,1,129600,0,0,299508700,1,5,0
221300201,2213002,Gangster_Default Hair,2,2,1,3,2,1,1,1,0,0,0,299508700,0,5,0
221300301,2213003,Original Mohican,2,2,1,3,2,1,1,1,1440,0,0,299508700,1,5,0
221300302,2213003,Original Mohican,2,2,1,3,2,1,1,1,10080,0,0,299508700,1,5,0
221300303,2213003,Original Mohican,2,2,1,3,2,1,1,1,21600,0,0,299508700,1,5,0
221300304,2213003,Original Mohican,2,2,1,3,2,1,1,1,43200,0,0,299508700,1,5,0
221300305,2213003,Original Mohican,2,2,1,3,2,1,1,1,72000,0,0,299508700,1,5,0
221300306,2213003,Original Mohican,2,2,1,3,2,1,1,1,129600,0,0,299508700,1,5,0
221300401,2213004,Short Cornrow(Achieve),2,2,1,3,2,1,1,1,1440,3014001,0,299108400,1,5,1
221300402,2213004,Short Cornrow(Achieve),2,2,1,3,2,1,1,1,10080,3014001,0,299108400,1,5,1
221300403,2213004,Short Cornrow(Achieve),2,2,1,3,2,1,1,1,21600,3014001,0,299108400,1,5,1
221300404,2213004,Short Cornrow(Achieve),2,2,1,3,2,1,1,1,43200,3014001,0,299108400,1,5,1
221300405,2213004,Short Cornrow(Achieve),2,2,1,3,2,1,1,1,72000,3014001,0,299108400,1,5,1
221300406,2213004,Short Cornrow(Achieve),2,2,1,3,2,1,1,1,129600,3014001,0,299108400,1,5,1
221300501,2213005,Long Cornrow,2,2,1,3,2,1,1,0,1440,3014008,0,299909000,0,5,0
221300502,2213005,Long Cornrow,2,2,1,3,2,1,1,0,10080,3014008,0,299909000,0,5,0
221300503,2213005,Long Cornrow,2,2,1,3,2,1,1,0,21600,3014008,0,299909000,0,5,0
221300504,2213005,Long Cornrow,2,2,1,3,2,1,1,0,43200,3014008,0,299909000,0,5,0
221300505,2213005,Long Cornrow,2,2,1,3,2,1,1,0,72000,3014008,0,299909000,0,5,0
221300506,2213005,Long Cornrow,2,2,1,3,2,1,1,0,129600,3014008,0,299909000,0,5,0
221300601,2213006,Cornrow_Hairband,2,2,1,3,2,1,1,1,60,0,0,299909000,1,5,0
221300701,2213007,Indi Mohican,2,2,1,3,2,1,1,1,1440,0,0,299508700,1,5,0
221300702,2213007,Indi Mohican,2,2,1,3,2,1,1,1,10080,0,0,299508700,1,5,0
221300703,2213007,Indi Mohican,2,2,1,3,2,1,1,1,21600,0,0,299508700,1,5,0
221300704,2213007,Indi Mohican,2,2,1,3,2,1,1,1,43200,0,0,299508700,1,5,0
221300705,2213007,Indi Mohican,2,2,1,3,2,1,1,1,72000,0,0,299508700,1,5,0
221300706,2213007,Indi Mohican,2,2,1,3,2,1,1,1,129600,0,0,299508700,1,5,0
221300801,2213008,Baldhead,2,2,1,3,2,1,1,1,1440,0,0,299909000,1,5,0
221300802,2213008,Baldhead,2,2,1,3,2,1,1,1,10080,0,0,299909000,1,5,0
221300803,2213008,Baldhead,2,2,1,3,2,1,1,1,21600,0,0,299909000,1,5,0
221300804,2213008,Baldhead,2,2,1,3,2,1,1,1,43200,0,0,299909000,1,5,0
221300805,2213008,Baldhead,2,2,1,3,2,1,1,1,72000,0,0,299909000,1,5,0
221300806,2213008,Baldhead,2,2,1,3,2,1,1,1,129600,0,0,299909000,1,5,0
221300901,2213009,Cockcomb,2,2,1,3,2,1,1,0,1440,0,0,299909000,0,5,0
221300902,2213009,Cockcomb,2,2,1,3,2,1,1,0,10080,0,0,299909000,0,5,0
221300903,2213009,Cockcomb,2,2,1,3,2,1,1,0,21600,0,0,299909000,0,5,0
221300904,2213009,Cockcomb,2,2,1,3,2,1,1,0,43200,0,0,299909000,0,5,0
221300905,2213009,Cockcomb,2,2,1,3,2,1,1,0,72000,0,0,299909000,0,5,0
221300906,2213009,Cockcomb,2,2,1,3,2,1,1,0,129600,0,0,299909000,0,5,0
221301001,2213010,Short Cornrow_Cash,2,2,1,3,2,1,1,0,1440,3014008,0,299909000,0,5,0
221301002,2213010,Short Cornrow_Cash,2,2,1,3,2,1,1,0,10080,3014008,0,299909000,0,5,0
221301003,2213010,Short Cornrow_Cash,2,2,1,3,2,1,1,0,21600,3014008,0,299909000,0,5,0
221301004,2213010,Short Cornrow_Cash,2,2,1,3,2,1,1,0,43200,3014008,0,299909000,0,5,0
221301005,2213010,Short Cornrow_Cash,2,2,1,3,2,1,1,0,72000,3014008,0,299909000,0,5,0
221301006,2213010,Short Cornrow_Cash,2,2,1,3,2,1,1,0,129600,3014008,0,299909000,0,5,0
221303501,2213035,Strong Regent,2,2,1,3,2,1,1,0,1440,0,0,299108400,0,5,0
221303502,2213035,Strong Regent,2,2,1,3,2,1,1,0,10080,0,0,299108400,0,5,0
221303503,2213035,Strong Regent,2,2,1,3,2,1,1,0,21600,0,0,299108400,0,5,0
221303504,2213035,Strong Regent,2,2,1,3,2,1,1,0,43200,0,0,299108400,0,5,0
221303505,2213035,Strong Regent,2,2,1,3,2,1,1,0,72000,0,0,299108400,0,5,0
221303506,2213035,Strong Regent,2,2,1,3,2,1,1,0,129600,0,0,299108400,0,5,0
221400201,2214002,Maya's Hair,2,2,1,4,2,2,1,1,1440,0,0,299909000,1,5,0
221400202,2214002,Maya's Hair,2,2,1,4,2,2,1,1,10080,0,0,299909000,1,5,0
221400203,2214002,Maya's Hair,2,2,1,4,2,2,1,1,21600,0,0,299909000,1,5,0
221400204,2214002,Maya's Hair,2,2,1,4,2,2,1,1,43200,0,0,299909000,1,5,0
221400205,2214002,Maya's Hair,2,2,1,4,2,2,1,1,72000,0,0,299909000,1,5,0
221400301,2214003,Blondy Ponytail,2,2,1,4,2,2,1,1,1440,0,0,299909000,1,5,0
221400302,2214003,Blondy Ponytail,2,2,1,4,2,2,1,1,10080,0,0,299909000,1,5,0
221400303,2214003,Blondy Ponytail,2,2,1,4,2,2,1,1,21600,0,0,299909000,1,5,0
221400304,2214003,Blondy Ponytail,2,2,1,4,2,2,1,1,43200,0,0,299909000,1,5,0
221400305,2214003,Blondy Ponytail,2,2,1,4,2,2,1,1,72000,0,0,299909000,1,5,0
221400306,2214003,Blondy Ponytail,2,2,1,4,2,2,1,1,129600,0,0,299909000,1,5,0
221400501,2214005,Lifeguard Top,2,2,2,4,2,2,1,0,1440,0,0,299908800,0,5,0
221400502,2214005,Lifeguard Top,2,2,2,4,2,2,1,0,10080,0,0,299908800,0,5,0
221400503,2214005,Lifeguard Top,2,2,2,4,2,2,1,0,21600,0,0,299908800,0,5,0
221400504,2214005,Lifeguard Top,2,2,2,4,2,2,1,0,43200,0,0,299908800,0,5,0
221400505,2214005,Lifeguard Top,2,2,2,4,2,2,1,0,72000,0,0,299908800,0,5,0
221400506,2214005,Lifeguard Top,2,2,2,4,2,2,1,0,129600,0,0,299908800,0,5,0
221400701,2214007,Gangster_Nurse Hair,2,2,2,4,2,2,1,0,1440,0,0,299908800,0,5,0
221400702,2214007,Gangster_Nurse Hair,2,2,2,4,2,2,1,0,10080,0,0,299908800,0,5,0
221400703,2214007,Gangster_Nurse Hair,2,2,2,4,2,2,1,0,21600,0,0,299908800,0,5,0
221400704,2214007,Gangster_Nurse Hair,2,2,2,4,2,2,1,0,43200,0,0,299908800,0,5,0
221400705,2214007,Gangster_Nurse Hair,2,2,2,4,2,2,1,0,72000,0,0,299908800,0,5,0
221400706,2214007,Gangster_Nurse Hair,2,2,2,4,2,2,1,0,129600,0,0,299908800,0,5,0
222100101,2221001,Police Cap,2,2,2,1,1,1,1,1,1440,0,0,295508600,1,5,0
222100102,2221001,Police Cap,2,2,2,1,1,1,1,1,10080,0,0,295508600,1,5,0
222100103,2221001,Police Cap,2,2,2,1,1,1,1,1,21600,0,0,295508600,1,5,0
222100104,2221001,Police Cap,2,2,2,1,1,1,1,1,43200,0,0,295508600,1,5,0
222100105,2221001,Police Cap,2,2,2,1,1,1,1,1,72000,0,0,295508600,1,5,0
222100106,2221001,Police Cap,2,2,2,1,1,1,1,1,129600,0,0,295508600,1,5,0
222100201,2221002,BOPE Beret,2,2,2,1,1,1,1,1,1440,0,0,295908800,1,5,0
222100202,2221002,BOPE Beret,2,2,2,1,1,1,1,1,10080,0,0,295908800,1,5,0
222100203,2221002,BOPE Beret,2,2,2,1,1,1,1,1,21600,0,0,295908800,1,5,0
222100204,2221002,BOPE Beret,2,2,2,1,1,1,1,1,43200,0,0,295908800,1,5,0
222100205,2221002,BOPE Beret,2,2,2,1,1,1,1,1,72000,0,0,295908800,1,5,0
222100206,2221002,BOPE Beret,2,2,2,1,1,1,1,1,129600,0,0,295908800,1,5,0
222100301,2221003,Navyseal Hat(Achieve),2,2,2,1,1,1,1,1,1440,3014001,0,295108300,1,5,1
222100302,2221003,Navyseal Hat(Achieve),2,2,2,1,1,1,1,1,10080,3014001,0,295108300,1,5,1
222100303,2221003,Navyseal Hat(Achieve),2,2,2,1,1,1,1,1,21600,3014001,0,295108300,1,5,1
222100304,2221003,Navyseal Hat(Achieve),2,2,2,1,1,1,1,1,43200,3014001,0,295108300,1,5,1
222100305,2221003,Navyseal Hat(Achieve),2,2,2,1,1,1,1,1,72000,3014001,0,295108300,1,5,1
222100306,2221003,Navyseal Hat(Achieve),2,2,2,1,1,1,1,1,129600,3014001,0,295108300,1,5,1
222100401,2221004,Officer Cap-A(Achieve),2,2,2,1,1,1,1,1,1440,3014001,0,295108300,1,5,1
222100402,2221004,Officer Cap-A(Achieve),2,2,2,1,1,1,1,1,10080,3014001,0,295108300,1,5,1
222100403,2221004,Officer Cap-A(Achieve),2,2,2,1,1,1,1,1,21600,3014001,0,295108300,1,5,1
222100404,2221004,Officer Cap-A(Achieve),2,2,2,1,1,1,1,1,43200,3014001,0,295108300,1,5,1
222100405,2221004,Officer Cap-A(Achieve),2,2,2,1,1,1,1,1,72000,3014001,0,295108300,1,5,1
222100406,2221004,Officer Cap-A(Achieve),2,2,2,1,1,1,1,1,129600,3014001,0,295108300,1,5,1
222100501,2221005,Officer Cap-B(Achieve),2,2,2,1,1,1,1,1,1440,3014001,0,295108300,1,5,1
222100502,2221005,Officer Cap-B(Achieve),2,2,2,1,1,1,1,1,10080,3014001,0,295108300,1,5,1
222100503,2221005,Officer Cap-B(Achieve),2,2,2,1,1,1,1,1,21600,3014001,0,295108300,1,5,1
222100504,2221005,Officer Cap-B(Achieve),2,2,2,1,1,1,1,1,43200,3014001,0,295108300,1,5,1
222100505,2221005,Officer Cap-B(Achieve),2,2,2,1,1,1,1,1,72000,3014001,0,295108300,1,5,1
222100506,2221005,Officer Cap-B(Achieve),2,2,2,1,1,1,1,1,129600,3014001,0,295108300,1,5,1
222100601,2221006,Officer Cap-C(Achieve),2,2,2,1,1,1,1,1,1440,3014001,0,295108300,1,5,1
222100602,2221006,Officer Cap-C(Achieve),2,2,2,1,1,1,1,1,10080,3014001,0,295108300,1,5,1
222100603,2221006,Officer Cap-C(Achieve),2,2,2,1,1,1,1,1,21600,3014001,0,295108300,1,5,1
222100604,2221006,Officer Cap-C(Achieve),2,2,2,1,1,1,1,1,43200,3014001,0,295108300,1,5,1
222100605,2221006,Officer Cap-C(Achieve),2,2,2,1,1,1,1,1,72000,3014001,0,295108300,1,5,1
222100606,2221006,Officer Cap-C(Achieve),2,2,2,1,1,1,1,1,129600,3014001,0,295108300,1,5,1
222100701,2221007,Officer Cap-D(Achieve),2,2,2,1,1,1,1,1,1440,3014001,0,295108300,1,5,1
222100702,2221007,Officer Cap-D(Achieve),2,2,2,1,1,1,1,1,10080,3014001,0,295108300,1,5,1
222100703,2221007,Officer Cap-D(Achieve),2,2,2,1,1,1,1,1,21600,3014001,0,295108300,1,5,1
222100704,2221007,Officer Cap-D(Achieve),2,2,2,1,1,1,1,1,43200,3014001,0,295108300,1,5,1
222100705,2221007,Officer Cap-D(Achieve),2,2,2,1,1,1,1,1,72000,3014001,0,295108300,1,5,1
222100706,2221007,Officer Cap-D(Achieve),2,2,2,1,1,1,1,1,129600,3014001,0,295108300,1,5,1
222100801,2221008,Desert Beret,2,2,2,1,1,1,1,1,1440,0,0,295908800,1,5,0
222100802,2221008,Desert Beret,2,2,2,1,1,1,1,1,10080,0,0,295908800,1,5,0
222100803,2221008,Desert Beret,2,2,2,1,1,1,1,1,21600,0,0,295908800,1,5,0
222100804,2221008,Desert Beret,2,2,2,1,1,1,1,1,43200,0,0,295908800,1,5,0
222100805,2221008,Desert Beret,2,2,2,1,1,1,1,1,72000,0,0,295908800,1,5,0
222100806,2221008,Desert Beret,2,2,2,1,1,1,1,1,129600,0,0,295908800,1,5,0
222100901,2221009,Forest Cap(Achieve),2,2,2,1,1,1,1,1,1440,3014001,0,295108300,1,5,1
222100902,2221009,Forest Cap(Achieve),2,2,2,1,1,1,1,1,10080,3014001,0,295108300,1,5,1
222100903,2221009,Forest Cap(Achieve),2,2,2,1,1,1,1,1,21600,3014001,0,295108300,1,5,1
222100904,2221009,Forest Cap(Achieve),2,2,2,1,1,1,1,1,43200,3014001,0,295108300,1,5,1
222100905,2221009,Forest Cap(Achieve),2,2,2,1,1,1,1,1,72000,3014001,0,295108300,1,5,1
222100906,2221009,Forest Cap(Achieve),2,2,2,1,1,1,1,1,129600,3014001,0,295108300,1,5,1
222101001,2221010,Cowboy Hat(Achieve),2,2,2,1,1,1,1,1,1440,3014001,0,295108300,1,5,1
222101002,2221010,Cowboy Hat(Achieve),2,2,2,1,1,1,1,1,10080,3014001,0,295108300,1,5,1
222101003,2221010,Cowboy Hat(Achieve),2,2,2,1,1,1,1,1,21600,3014001,0,295108300,1,5,1
222101004,2221010,Cowboy Hat(Achieve),2,2,2,1,1,1,1,1,43200,3014001,0,295108300,1,5,1
222101005,2221010,Cowboy Hat(Achieve),2,2,2,1,1,1,1,1,72000,3014001,0,295108300,1,5,1
222101006,2221010,Cowboy Hat(Achieve),2,2,2,1,1,1,1,1,129600,3014001,0,295108300,1,5,1
222101101,2221011,Blue Horn Cap,2,2,2,1,1,1,1,1,1440,0,0,295508600,1,5,0
222101102,2221011,Blue Horn Cap,2,2,2,1,1,1,1,1,10080,0,0,295508600,1,5,0
222101103,2221011,Blue Horn Cap,2,2,2,1,1,1,1,1,21600,0,0,295508600,1,5,0
222101104,2221011,Blue Horn Cap,2,2,2,1,1,1,1,1,43200,0,0,295508600,1,5,0
222101105,2221011,Blue Horn Cap,2,2,2,1,1,1,1,1,72000,0,0,295508600,1,5,0
222101106,2221011,Blue Horn Cap,2,2,2,1,1,1,1,1,129600,0,0,295508600,1,5,0
222101201,2221012,Rudolph Head,2,2,2,1,1,1,1,1,1440,0,0,295908800,1,5,0
222101301,2221013,Black Beanie,2,2,2,1,1,1,1,0,1440,3014008,0,295908800,0,5,0
222101302,2221013,Black Beanie,2,2,2,1,1,1,1,0,10080,3014008,0,295908800,0,5,0
222101303,2221013,Black Beanie,2,2,2,1,1,1,1,0,21600,3014008,0,295908800,0,5,0
222101304,2221013,Black Beanie,2,2,2,1,1,1,1,0,43200,3014008,0,295908800,0,5,0
222101305,2221013,Black Beanie,2,2,2,1,1,1,1,0,72000,3014008,0,295908800,0,5,0
222101306,2221013,Black Beanie,2,2,2,1,1,1,1,0,129600,3014008,0,295908800,0,5,0
222101401,2221014,Navyseal Hat_Cash,2,2,2,1,1,1,1,0,1440,3014008,0,295909000,0,5,0
222101402,2221014,Navyseal Hat_Cash,2,2,2,1,1,1,1,0,10080,3014008,0,295909000,0,5,0
222101403,2221014,Navyseal Hat_Cash,2,2,2,1,1,1,1,0,21600,3014008,0,295909000,0,5,0
222101404,2221014,Navyseal Hat_Cash,2,2,2,1,1,1,1,0,43200,3014008,0,295909000,0,5,0
222101405,2221014,Navyseal Hat_Cash,2,2,2,1,1,1,1,0,72000,3014008,0,295909000,0,5,0
222101406,2221014,Navyseal Hat_Cash,2,2,2,1,1,1,1,0,129600,3014008,0,295909000,0,5,0
222101501,2221015,Forest Cap_Cash,2,2,2,1,1,1,1,0,1440,3014008,0,295909000,0,5,0
222101502,2221015,Forest Cap_Cash,2,2,2,1,1,1,1,0,10080,3014008,0,295909000,0,5,0
222101503,2221015,Forest Cap_Cash,2,2,2,1,1,1,1,0,21600,3014008,0,295909000,0,5,0
222101504,2221015,Forest Cap_Cash,2,2,2,1,1,1,1,0,43200,3014008,0,295909000,0,5,0
222101505,2221015,Forest Cap_Cash,2,2,2,1,1,1,1,0,72000,3014008,0,295909000,0,5,0
222101506,2221015,Forest Cap_Cash,2,2,2,1,1,1,1,0,129600,3014008,0,295909000,0,5,0
222101601,2221016,Cowboy Hat_Cash,2,2,1,1,1,1,1,0,1440,3014008,0,295909000,0,5,0
222101602,2221016,Cowboy Hat_Cash,2,2,1,1,1,1,1,0,10080,3014008,0,295909000,0,5,0
222101603,2221016,Cowboy Hat_Cash,2,2,1,1,1,1,1,0,21600,3014008,0,295909000,0,5,0
222101604,2221016,Cowboy Hat_Cash,2,2,1,1,1,1,1,0,43200,3014008,0,295909000,0,5,0
222101605,2221016,Cowboy Hat_Cash,2,2,1,1,1,1,1,0,72000,3014008,0,295909000,0,5,0
222101606,2221016,Cowboy Hat_Cash,2,2,1,1,1,1,1,0,129600,3014008,0,295909000,0,5,0
222200101,2222001,SWAT Newsboy Cap,2,2,2,2,1,2,1,1,1440,0,0,295909000,1,5,0
222200102,2222001,SWAT Newsboy Cap,2,2,2,2,1,2,1,1,10080,0,0,295909000,1,5,0
222200103,2222001,SWAT Newsboy Cap,2,2,2,2,1,2,1,1,21600,0,0,295909000,1,5,0
222200104,2222001,SWAT Newsboy Cap,2,2,2,2,1,2,1,1,43200,0,0,295909000,1,5,0
222200105,2222001,SWAT Newsboy Cap,2,2,2,2,1,2,1,1,72000,0,0,295909000,1,5,0
222200106,2222001,SWAT Newsboy Cap,2,2,2,2,1,2,1,1,129600,0,0,295909000,1,5,0
222200201,2222002,SWAT Cap,2,2,2,2,1,2,1,1,1440,0,0,295908800,1,5,0
222200202,2222002,SWAT Cap,2,2,2,2,1,2,1,1,10080,0,0,295908800,1,5,0
222200203,2222002,SWAT Cap,2,2,2,2,1,2,1,1,21600,0,0,295908800,1,5,0
222200204,2222002,SWAT Cap,2,2,2,2,1,2,1,1,43200,0,0,295908800,1,5,0
222200205,2222002,SWAT Cap,2,2,2,2,1,2,1,1,72000,0,0,295908800,1,5,0
222200206,2222002,SWAT Cap,2,2,2,2,1,2,1,1,129600,0,0,295908800,1,5,0
222200301,2222003,swat_woman_2 Cap,2,2,2,2,1,2,1,1,1440,0,0,295908800,1,5,0
222200302,2222003,swat_woman_2 Cap,2,2,2,2,1,2,1,1,10080,0,0,295908800,1,5,0
222200303,2222003,swat_woman_2 Cap,2,2,2,2,1,2,1,1,21600,0,0,295908800,1,5,0
222200304,2222003,swat_woman_2 Cap,2,2,2,2,1,2,1,1,43200,0,0,295908800,1,5,0
222200305,2222003,swat_woman_2 Cap,2,2,2,2,1,2,1,1,72000,0,0,295908800,1,5,0
222200701,2222007,SWAT_Nurse Hair,2,2,2,2,1,2,1,0,1440,0,0,295908800,0,5,0
222200702,2222007,SWAT_Nurse Hair,2,2,2,2,1,2,1,0,10080,0,0,295908800,0,5,0
222200703,2222007,SWAT_Nurse Hair,2,2,2,2,1,2,1,0,21600,0,0,295908800,0,5,0
222200704,2222007,SWAT_Nurse Hair,2,2,2,2,1,2,1,0,43200,0,0,295908800,0,5,0
222200705,2222007,SWAT_Nurse Hair,2,2,2,2,1,2,1,0,72000,0,0,295908800,0,5,0
222200706,2222007,SWAT_Nurse Hair,2,2,2,2,1,2,1,0,129600,0,0,295908800,0,5,0
222300101,2223001,TJ Head Box(Achieve),2,2,2,3,2,1,1,1,1440,3014001,0,299108400,1,5,1
222300102,2223001,TJ Head Box(Achieve),2,2,2,3,2,1,1,1,10080,3014001,0,299108400,1,5,1
222300103,2223001,TJ Head Box(Achieve),2,2,2,3,2,1,1,1,21600,3014001,0,299108400,1,5,1
222300104,2223001,TJ Head Box(Achieve),2,2,2,3,2,1,1,1,43200,3014001,0,299108400,1,5,1
222300105,2223001,TJ Head Box(Achieve),2,2,2,3,2,1,1,1,72000,3014001,0,299108400,1,5,1
222300106,2223001,TJ Head Box(Achieve),2,2,2,3,2,1,1,1,129600,3014001,0,299108400,1,5,1
222300201,2223002,Brown Bug,2,2,2,3,2,1,1,1,1440,0,0,299508600,1,5,0
222300202,2223002,Brown Bug,2,2,2,3,2,1,1,1,10080,0,0,299508600,1,5,0
222300203,2223002,Brown Bug,2,2,2,3,2,1,1,1,21600,0,0,299508600,1,5,0
222300204,2223002,Brown Bug,2,2,2,3,2,1,1,1,43200,0,0,299508600,1,5,0
222300205,2223002,Brown Bug,2,2,2,3,2,1,1,1,72000,0,0,299508600,1,5,0
222300206,2223002,Brown Bug,2,2,2,3,2,1,1,1,129600,0,0,299508600,1,5,0
222300301,2223003,Fedora,2,2,2,3,2,1,1,1,1440,0,0,299508600,1,5,0
222300302,2223003,Fedora,2,2,2,3,2,1,1,1,10080,0,0,299508600,1,5,0
222300303,2223003,Fedora,2,2,2,3,2,1,1,1,21600,0,0,299508600,1,5,0
222300304,2223003,Fedora,2,2,2,3,2,1,1,1,43200,0,0,299508600,1,5,0
222300305,2223003,Fedora,2,2,2,3,2,1,1,1,72000,0,0,299508600,1,5,0
222300306,2223003,Fedora,2,2,2,3,2,1,1,1,129600,0,0,299508600,1,5,0
222300401,2223004,Classic Fedora-A(Achieve),2,2,2,3,2,1,1,1,1440,3014001,0,299108300,1,5,1
222300402,2223004,Classic Fedora-A(Achieve),2,2,2,3,2,1,1,1,10080,3014001,0,299108300,1,5,1
222300403,2223004,Classic Fedora-A(Achieve),2,2,2,3,2,1,1,1,21600,3014001,0,299108300,1,5,1
222300404,2223004,Classic Fedora-A(Achieve),2,2,2,3,2,1,1,1,43200,3014001,0,299108300,1,5,1
222300405,2223004,Classic Fedora-A(Achieve),2,2,2,3,2,1,1,1,72000,3014001,0,299108300,1,5,1
222300406,2223004,Classic Fedora-A(Achieve),2,2,2,3,2,1,1,1,129600,3014001,0,299108300,1,5,1
222300501,2223005,Classic Fedora-B(Achieve),2,2,2,3,2,1,1,1,1440,3014001,0,299108300,1,5,1
222300502,2223005,Classic Fedora-B(Achieve),2,2,2,3,2,1,1,1,10080,3014001,0,299108300,1,5,1
222300503,2223005,Classic Fedora-B(Achieve),2,2,2,3,2,1,1,1,21600,3014001,0,299108300,1,5,1
222300504,2223005,Classic Fedora-B(Achieve),2,2,2,3,2,1,1,1,43200,3014001,0,299108300,1,5,1
222300505,2223005,Classic Fedora-B(Achieve),2,2,2,3,2,1,1,1,72000,3014001,0,299108300,1,5,1
222300506,2223005,Classic Fedora-B(Achieve),2,2,2,3,2,1,1,1,129600,3014001,0,299108300,1,5,1
222300601,2223006,Classic Fedora-C(Achieve),2,2,2,3,2,1,1,1,1440,3014001,0,299108300,1,5,1
222300602,2223006,Classic Fedora-C(Achieve),2,2,2,3,2,1,1,1,10080,3014001,0,299108300,1,5,1
222300603,2223006,Classic Fedora-C(Achieve),2,2,2,3,2,1,1,1,21600,3014001,0,299108300,1,5,1
222300604,2223006,Classic Fedora-C(Achieve),2,2,2,3,2,1,1,1,43200,3014001,0,299108300,1,5,1
222300605,2223006,Classic Fedora-C(Achieve),2,2,2,3,2,1,1,1,72000,3014001,0,299108300,1,5,1
222300606,2223006,Classic Fedora-C(Achieve),2,2,2,3,2,1,1,1,129600,3014001,0,299108300,1,5,1
222300701,2223007,Classic Fedora-D(Achieve),2,2,2,3,2,1,1,1,1440,3014001,0,299108300,1,5,1
222300702,2223007,Classic Fedora-D(Achieve),2,2,2,3,2,1,1,1,10080,3014001,0,299108300,1,5,1
222300703,2223007,Classic Fedora-D(Achieve),2,2,2,3,2,1,1,1,21600,3014001,0,299108300,1,5,1
222300704,2223007,Classic Fedora-D(Achieve),2,2,2,3,2,1,1,1,43200,3014001,0,299108300,1,5,1
222300705,2223007,Classic Fedora-D(Achieve),2,2,2,3,2,1,1,1,72000,3014001,0,299108300,1,5,1
222300706,2223007,Classic Fedora-D(Achieve),2,2,2,3,2,1,1,1,129600,3014001,0,299108300,1,5,1
222300801,2223008,Red Horn Cap,2,2,2,3,2,1,1,1,1440,0,0,299508600,1,5,0
222300802,2223008,Red Horn Cap,2,2,2,3,2,1,1,1,10080,0,0,299508600,1,5,0
222300803,2223008,Red Horn Cap,2,2,2,3,2,1,1,1,21600,0,0,299508600,1,5,0
222300804,2223008,Red Horn Cap,2,2,2,3,2,1,1,1,43200,0,0,299508600,1,5,0
222300805,2223008,Red Horn Cap,2,2,2,3,2,1,1,1,72000,0,0,299508600,1,5,0
222300806,2223008,Red Horn Cap,2,2,2,3,2,1,1,1,129600,0,0,299508600,1,5,0
222300901,2223009,White Beanie(Achieve),2,2,2,3,2,1,1,1,1440,3014001,0,299108300,1,5,1
222300902,2223009,White Beanie(Achieve),2,2,2,3,2,1,1,1,10080,3014001,0,299108300,1,5,1
222300903,2223009,White Beanie(Achieve),2,2,2,3,2,1,1,1,21600,3014001,0,299108300,1,5,1
222300904,2223009,White Beanie(Achieve),2,2,2,3,2,1,1,1,43200,3014001,0,299108300,1,5,1
222300905,2223009,White Beanie(Achieve),2,2,2,3,2,1,1,1,72000,3014001,0,299108300,1,5,1
222300906,2223009,White Beanie(Achieve),2,2,2,3,2,1,1,1,129600,3014001,0,299108300,1,5,1
222301001,2223010,Red Bandana(Achieve),2,2,2,3,2,1,1,1,1440,3014001,0,299108300,1,5,1
222301002,2223010,Red Bandana(Achieve),2,2,2,3,2,1,1,1,10080,3014001,0,299108300,1,5,1
222301003,2223010,Red Bandana(Achieve),2,2,2,3,2,1,1,1,21600,3014001,0,299108300,1,5,1
222301004,2223010,Red Bandana(Achieve),2,2,2,3,2,1,1,1,43200,3014001,0,299108300,1,5,1
222301005,2223010,Red Bandana(Achieve),2,2,2,3,2,1,1,1,72000,3014001,0,299108300,1,5,1
222301006,2223010,Red Bandana(Achieve),2,2,2,3,2,1,1,1,129600,3014001,0,299108300,1,5,1
222301101,2223011,Doublebelt Armycap,2,2,2,3,2,1,1,1,1440,0,0,299508600,1,5,0
222301102,2223011,Doublebelt Armycap,2,2,2,3,2,1,1,1,10080,0,0,299508600,1,5,0
222301103,2223011,Doublebelt Armycap,2,2,2,3,2,1,1,1,21600,0,0,299508600,1,5,0
222301104,2223011,Doublebelt Armycap,2,2,2,3,2,1,1,1,43200,0,0,299508600,1,5,0
222301105,2223011,Doublebelt Armycap,2,2,2,3,2,1,1,1,72000,0,0,299508600,1,5,0
222301106,2223011,Doublebelt Armycap,2,2,2,3,2,1,1,1,129600,0,0,299508600,1,5,0
222301201,2223012,Rasta Hair Band,2,2,2,3,2,1,1,0,1440,3014008,0,299908800,0,5,0
222301202,2223012,Rasta Hair Band,2,2,2,3,2,1,1,0,10080,3014008,0,299908800,0,5,0
222301203,2223012,Rasta Hair Band,2,2,2,3,2,1,1,0,21600,3014008,0,299908800,0,5,0
222301204,2223012,Rasta Hair Band,2,2,2,3,2,1,1,0,43200,3014008,0,299908800,0,5,0
222301205,2223012,Rasta Hair Band,2,2,2,3,2,1,1,0,72000,3014008,0,299908800,0,5,0
222301206,2223012,Rasta Hair Band,2,2,2,3,2,1,1,0,129600,3014008,0,299908800,0,5,0
222301301,2223013,Desperado Hat,2,2,2,3,2,1,1,0,1440,3014008,0,299908800,0,5,0
222301302,2223013,Desperado Hat,2,2,2,3,2,1,1,0,10080,3014008,0,299908800,0,5,0
222301303,2223013,Desperado Hat,2,2,2,3,2,1,1,0,21600,3014008,0,299908800,0,5,0
222301304,2223013,Desperado Hat,2,2,2,3,2,1,1,0,43200,3014008,0,299908800,0,5,0
222301305,2223013,Desperado Hat,2,2,2,3,2,1,1,0,72000,3014008,0,299908800,0,5,0
222301306,2223013,Desperado Hat,2,2,2,3,2,1,1,0,129600,3014008,0,299908800,0,5,0
222301401,2223014,Military Cap,2,2,2,3,2,1,1,0,1440,3014008,0,299908800,0,5,0
222301402,2223014,Military Cap,2,2,2,3,2,1,1,0,10080,3014008,0,299908800,0,5,0
222301403,2223014,Military Cap,2,2,2,3,2,1,1,0,21600,3014008,0,299908800,0,5,0
222301404,2223014,Military Cap,2,2,2,3,2,1,1,0,43200,3014008,0,299908800,0,5,0
222301405,2223014,Military Cap,2,2,2,3,2,1,1,0,72000,3014008,0,299908800,0,5,0
222301406,2223014,Military Cap,2,2,2,3,2,1,1,0,129600,3014008,0,299908800,0,5,0
222301501,2223015,Santa's Hat,2,2,2,3,2,1,1,1,1440,0,0,299908800,1,5,0
222301601,2223016,Winter Cap,2,2,2,3,2,1,1,0,1440,3014008,0,299908800,0,5,0
222301602,2223016,Winter Cap,2,2,2,3,2,1,1,0,10080,3014008,0,299908800,0,5,0
222301603,2223016,Winter Cap,2,2,2,3,2,1,1,0,21600,3014008,0,299908800,0,5,0
222301604,2223016,Winter Cap,2,2,2,3,2,1,1,0,43200,3014008,0,299908800,0,5,0
222301605,2223016,Winter Cap,2,2,2,3,2,1,1,0,72000,3014008,0,299908800,0,5,0
222301606,2223016,Winter Cap,2,2,2,3,2,1,1,0,129600,3014008,0,299908800,0,5,0
222301701,2223017,Colorful Cap,2,2,2,3,2,1,1,0,1440,3014008,0,299908800,0,5,0
222301702,2223017,Colorful Cap,2,2,2,3,2,1,1,0,10080,3014008,0,299908800,0,5,0
222301703,2223017,Colorful Cap,2,2,2,3,2,1,1,0,21600,3014008,0,299908800,0,5,0
222301704,2223017,Colorful Cap,2,2,2,3,2,1,1,0,43200,3014008,0,299908800,0,5,0
222301705,2223017,Colorful Cap,2,2,2,3,2,1,1,0,72000,3014008,0,299908800,0,5,0
222301706,2223017,Colorful Cap,2,2,2,3,2,1,1,0,129600,3014008,0,299908800,0,5,0
222301801,2223018,TJ Head Box_Cash,2,2,2,3,2,1,1,0,1440,3014008,0,299908800,0,5,0
222301802,2223018,TJ Head Box_Cash,2,2,2,3,2,1,1,0,10080,3014008,0,299908800,0,5,0
222301803,2223018,TJ Head Box_Cash,2,2,2,3,2,1,1,0,21600,3014008,0,299908800,0,5,0
222301804,2223018,TJ Head Box_Cash,2,2,2,3,2,1,1,0,43200,3014008,0,299908800,0,5,0
222301805,2223018,TJ Head Box_Cash,2,2,2,3,2,1,1,0,72000,3014008,0,299908800,0,5,0
222301806,2223018,TJ Head Box_Cash,2,2,2,3,2,1,1,0,129600,3014008,0,299908800,0,5,0
222301901,2223019,Red Bandana_Cash,2,2,2,3,2,1,1,0,1440,3014008,0,299908800,0,5,0
222301902,2223019,Red Bandana_Cash,2,2,2,3,2,1,1,0,10080,3014008,0,299908800,0,5,0
222301903,2223019,Red Bandana_Cash,2,2,2,3,2,1,1,0,21600,3014008,0,299908800,0,5,0
222301904,2223019,Red Bandana_Cash,2,2,2,3,2,1,1,0,43200,3014008,0,299908800,0,5,0
222301905,2223019,Red Bandana_Cash,2,2,2,3,2,1,1,0,72000,3014008,0,299908800,0,5,0
222301906,2223019,Red Bandana_Cash,2,2,2,3,2,1,1,0,129600,3014008,0,299908800,0,5,0
222302001,2223020,White Beanie_Cash,2,2,1,3,2,1,1,0,1440,3014008,0,299908800,0,5,0
222302002,2223020,White Beanie_Cash,2,2,1,3,2,1,1,0,10080,3014008,0,299908800,0,5,0
222302003,2223020,White Beanie_Cash,2,2,1,3,2,1,1,0,21600,3014008,0,299908800,0,5,0
222302004,2223020,White Beanie_Cash,2,2,1,3,2,1,1,0,43200,3014008,0,299908800,0,5,0
222302005,2223020,White Beanie_Cash,2,2,1,3,2,1,1,0,72000,3014008,0,299908800,0,5,0
222302006,2223020,White Beanie_Cash,2,2,1,3,2,1,1,0,129600,3014008,0,299908800,0,5,0
222303201,2223032,Desperado Hat_A-Type,2,2,2,3,2,1,1,0,1440,3031001,0,299908800,0,5,0
222303202,2223032,Desperado Hat_A-Type,2,2,2,3,2,1,1,0,10080,3031001,0,299908800,0,5,0
222303203,2223032,Desperado Hat_A-Type,2,2,2,3,2,1,1,0,21600,3031001,0,299908800,0,5,0
222303204,2223032,Desperado Hat_A-Type,2,2,2,3,2,1,1,0,43200,3031001,0,299908800,0,5,0
222303205,2223032,Desperado Hat_A-Type,2,2,2,3,2,1,1,0,72000,3031001,0,299908800,0,5,0
222303206,2223032,Desperado Hat_A-Type,2,2,2,3,2,1,1,0,129600,3031001,0,299908800,0,5,0
222400101,2224001,Chunky Beanie,2,2,2,4,2,2,1,1,1440,0,0,299908800,1,5,0
222400102,2224001,Chunky Beanie,2,2,2,4,2,2,1,1,10080,0,0,299908800,1,5,0
222400103,2224001,Chunky Beanie,2,2,2,4,2,2,1,1,21600,0,0,299908800,1,5,0
222400104,2224001,Chunky Beanie,2,2,2,4,2,2,1,1,43200,0,0,299908800,1,5,0
222400105,2224001,Chunky Beanie,2,2,2,4,2,2,1,1,72000,0,0,299908800,1,5,0
222400106,2224001,Chunky Beanie,2,2,2,4,2,2,1,1,129600,0,0,299908800,1,5,0
223100101,2231001,AG37,2,2,3,1,1,1,1,1,1440,0,0,295508500,1,5,0
223100102,2231001,AG37,2,2,3,1,1,1,1,1,10080,0,0,295508500,1,5,0
223100103,2231001,AG37,2,2,3,1,1,1,1,1,21600,0,0,295508500,1,5,0
223100104,2231001,AG37,2,2,3,1,1,1,1,1,43200,0,0,295508500,1,5,0
223100105,2231001,AG37,2,2,3,1,1,1,1,1,72000,0,0,295508500,1,5,0
223100201,2231002,AG41,2,2,3,1,1,1,1,1,1440,0,0,295508500,1,5,0
223100202,2231002,AG41,2,2,3,1,1,1,1,1,10080,0,0,295508500,1,5,0
223100203,2231002,AG41,2,2,3,1,1,1,1,1,21600,0,0,295508500,1,5,0
223100204,2231002,AG41,2,2,3,1,1,1,1,1,43200,0,0,295508500,1,5,0
223100205,2231002,AG41,2,2,3,1,1,1,1,1,72000,0,0,295508500,1,5,0
223100301,2231003,DG07,2,2,3,1,1,1,1,1,1440,0,0,295508500,1,5,0
223100302,2231003,DG07,2,2,3,1,1,1,1,1,10080,0,0,295508500,1,5,0
223100303,2231003,DG07,2,2,3,1,1,1,1,1,21600,0,0,295508500,1,5,0
223100304,2231003,DG07,2,2,3,1,1,1,1,1,43200,0,0,295508500,1,5,0
223100305,2231003,DG07,2,2,3,1,1,1,1,1,72000,0,0,295508500,1,5,0
231100101,2311001,GIGN Jacket,2,3,1,1,1,1,1,0,1440,3014009,0,275908100,0,6,0
231100102,2311001,GIGN Jacket,2,3,1,1,1,1,1,0,10080,3014009,0,275908100,0,6,0
231100103,2311001,GIGN Jacket,2,3,1,1,1,1,1,0,21600,3014009,0,275908100,0,6,0
231100104,2311001,GIGN Jacket,2,3,1,1,1,1,1,0,43200,3014009,0,275908100,0,6,0
231100105,2311001,GIGN Jacket,2,3,1,1,1,1,1,0,72000,3014009,0,275908100,0,6,0
231100106,2311001,GIGN Jacket,2,3,1,1,1,1,1,0,129600,3014009,0,275908100,0,6,0
231100201,2311002,SWAT_Default Body,2,3,1,1,1,1,1,1,0,0,0,275908100,0,6,0
231100301,2311003,SWAT V01 Jacket,2,3,1,1,1,1,1,1,1440,0,0,275508000,1,6,0
231100302,2311003,SWAT V01 Jacket,2,3,1,1,1,1,1,1,10080,0,0,275508000,1,6,0
231100303,2311003,SWAT V01 Jacket,2,3,1,1,1,1,1,1,21600,0,0,275508000,1,6,0
231100304,2311003,SWAT V01 Jacket,2,3,1,1,1,1,1,1,43200,0,0,275508000,1,6,0
231100305,2311003,SWAT V01 Jacket,2,3,1,1,1,1,1,1,72000,0,0,275508000,1,6,0
231100306,2311003,SWAT V01 Jacket,2,3,1,1,1,1,1,1,129600,0,0,275508000,1,6,0
231100401,2311004,BOPE SF Jacket,2,3,1,1,1,1,1,1,1440,0,0,275908100,1,6,0
231100402,2311004,BOPE SF Jacket,2,3,1,1,1,1,1,1,10080,0,0,275908100,1,6,0
231100403,2311004,BOPE SF Jacket,2,3,1,1,1,1,1,1,21600,0,0,275908100,1,6,0
231100404,2311004,BOPE SF Jacket,2,3,1,1,1,1,1,1,43200,0,0,275908100,1,6,0
231100405,2311004,BOPE SF Jacket,2,3,1,1,1,1,1,1,72000,0,0,275908100,1,6,0
231100406,2311004,BOPE SF Jacket,2,3,1,1,1,1,1,1,129600,0,0,275908100,1,6,0
231100501,2311005,Delta Force Jacket,2,3,1,1,1,1,1,1,1440,0,0,275908100,1,6,0
231100502,2311005,Delta Force Jacket,2,3,1,1,1,1,1,1,10080,0,0,275908100,1,6,0
231100503,2311005,Delta Force Jacket,2,3,1,1,1,1,1,1,21600,0,0,275908100,1,6,0
231100504,2311005,Delta Force Jacket,2,3,1,1,1,1,1,1,43200,0,0,275908100,1,6,0
231100505,2311005,Delta Force Jacket,2,3,1,1,1,1,1,1,72000,0,0,275908100,1,6,0
231100506,2311005,Delta Force Jacket,2,3,1,1,1,1,1,1,129600,0,0,275908100,1,6,0
231100601,2311006,L03 Airborne,2,3,1,1,1,1,1,1,1440,0,0,275908100,1,6,0
231100602,2311006,L03 Airborne,2,3,1,1,1,1,1,1,10080,0,0,275908100,1,6,0
231100603,2311006,L03 Airborne,2,3,1,1,1,1,1,1,21600,0,0,275908100,1,6,0
231100604,2311006,L03 Airborne,2,3,1,1,1,1,1,1,43200,0,0,275908100,1,6,0
231100605,2311006,L03 Airborne,2,3,1,1,1,1,1,1,72000,0,0,275908100,1,6,0
231100606,2311006,L03 Airborne,2,3,1,1,1,1,1,1,129600,0,0,275908100,1,6,0
231100701,2311007,Animal_Wolf Body,2,3,1,1,1,1,1,1,60,0,0,275908100,1,6,0
231100801,2311008,Jin's Body,2,3,1,1,1,1,1,1,60,0,0,275908100,1,6,0
231100901,2311009,SWAT V02 Jacket,2,3,1,1,1,1,1,1,1440,0,0,275508000,1,6,0
231100902,2311009,SWAT V02 Jacket,2,3,1,1,1,1,1,1,10080,0,0,275508000,1,6,0
231100903,2311009,SWAT V02 Jacket,2,3,1,1,1,1,1,1,21600,0,0,275508000,1,6,0
231100904,2311009,SWAT V02 Jacket,2,3,1,1,1,1,1,1,43200,0,0,275508000,1,6,0
231100905,2311009,SWAT V02 Jacket,2,3,1,1,1,1,1,1,72000,0,0,275508000,1,6,0
231100906,2311009,SWAT V02 Jacket,2,3,1,1,1,1,1,1,129600,0,0,275508000,1,6,0
231101001,2311010,707 Jacket,2,3,1,1,1,1,1,1,1440,0,0,275508000,1,6,0
231101002,2311010,707 Jacket,2,3,1,1,1,1,1,1,10080,0,0,275508000,1,6,0
231101003,2311010,707 Jacket,2,3,1,1,1,1,1,1,21600,0,0,275508000,1,6,0
231101004,2311010,707 Jacket,2,3,1,1,1,1,1,1,43200,0,0,275508000,1,6,0
231101005,2311010,707 Jacket,2,3,1,1,1,1,1,1,72000,0,0,275508000,1,6,0
231101006,2311010,707 Jacket,2,3,1,1,1,1,1,1,129600,0,0,275508000,1,6,0
231101101,2311011,Kim Yellow Body,2,3,1,1,1,1,1,1,60,3040001,0,275908100,1,6,0
231101201,2311012,SWAT Jacket,2,3,1,1,1,1,1,1,1440,0,0,275508000,1,6,0
231101202,2311012,SWAT Jacket,2,3,1,1,1,1,1,1,10080,0,0,275508000,1,6,0
231101203,2311012,SWAT Jacket,2,3,1,1,1,1,1,1,21600,0,0,275508000,1,6,0
231101204,2311012,SWAT Jacket,2,3,1,1,1,1,1,1,43200,0,0,275508000,1,6,0
231101205,2311012,SWAT Jacket,2,3,1,1,1,1,1,1,72000,0,0,275508000,1,6,0
231101206,2311012,SWAT Jacket,2,3,1,1,1,1,1,1,129600,0,0,275508000,1,6,0
231101301,2311013,Navyseal Jacket(Achieve),2,3,1,1,1,1,1,1,1440,3014002,0,275107900,1,6,1
231101302,2311013,Navyseal Jacket(Achieve),2,3,1,1,1,1,1,1,10080,3014002,0,275107900,1,6,1
231101303,2311013,Navyseal Jacket(Achieve),2,3,1,1,1,1,1,1,21600,3014002,0,275107900,1,6,1
231101304,2311013,Navyseal Jacket(Achieve),2,3,1,1,1,1,1,1,43200,3014002,0,275107900,1,6,1
231101305,2311013,Navyseal Jacket(Achieve),2,3,1,1,1,1,1,1,72000,3014002,0,275107900,1,6,1
231101306,2311013,Navyseal Jacket(Achieve),2,3,1,1,1,1,1,1,129600,3014002,0,275107900,1,6,1
231101401,2311014,Officer Suit Jacket-A(Achieve),2,3,1,1,1,1,1,1,1440,3014002,0,275107900,1,6,1
231101402,2311014,Officer Suit Jacket-A(Achieve),2,3,1,1,1,1,1,1,10080,3014002,0,275107900,1,6,1
231101403,2311014,Officer Suit Jacket-A(Achieve),2,3,1,1,1,1,1,1,21600,3014002,0,275107900,1,6,1
231101404,2311014,Officer Suit Jacket-A(Achieve),2,3,1,1,1,1,1,1,43200,3014002,0,275107900,1,6,1
231101405,2311014,Officer Suit Jacket-A(Achieve),2,3,1,1,1,1,1,1,72000,3014002,0,275107900,1,6,1
231101406,2311014,Officer Suit Jacket-A(Achieve),2,3,1,1,1,1,1,1,129600,3014002,0,275107900,1,6,1
231101501,2311015,Officer Suit Jacket-B(Achieve),2,3,1,1,1,1,1,1,1440,3014002,0,275107900,1,6,1
231101502,2311015,Officer Suit Jacket-B(Achieve),2,3,1,1,1,1,1,1,10080,3014002,0,275107900,1,6,1
231101503,2311015,Officer Suit Jacket-B(Achieve),2,3,1,1,1,1,1,1,21600,3014002,0,275107900,1,6,1
231101504,2311015,Officer Suit Jacket-B(Achieve),2,3,1,1,1,1,1,1,43200,3014002,0,275107900,1,6,1
231101505,2311015,Officer Suit Jacket-B(Achieve),2,3,1,1,1,1,1,1,72000,3014002,0,275107900,1,6,1
231101506,2311015,Officer Suit Jacket-B(Achieve),2,3,1,1,1,1,1,1,129600,3014002,0,275107900,1,6,1
231101601,2311016,Officer Suit Jacket-C(Achieve),2,3,1,1,1,1,1,1,1440,3014002,0,275107900,1,6,1
231101602,2311016,Officer Suit Jacket-C(Achieve),2,3,1,1,1,1,1,1,10080,3014002,0,275107900,1,6,1
231101603,2311016,Officer Suit Jacket-C(Achieve),2,3,1,1,1,1,1,1,21600,3014002,0,275107900,1,6,1
231101604,2311016,Officer Suit Jacket-C(Achieve),2,3,1,1,1,1,1,1,43200,3014002,0,275107900,1,6,1
231101605,2311016,Officer Suit Jacket-C(Achieve),2,3,1,1,1,1,1,1,72000,3014002,0,275107900,1,6,1
231101606,2311016,Officer Suit Jacket-C(Achieve),2,3,1,1,1,1,1,1,129600,3014002,0,275107900,1,6,1
231101701,2311017,Officer Suit Jacket-D(Achieve),2,3,1,1,1,1,1,1,1440,3014002,0,275107900,1,6,1
231101702,2311017,Officer Suit Jacket-D(Achieve),2,3,1,1,1,1,1,1,10080,3014002,0,275107900,1,6,1
231101703,2311017,Officer Suit Jacket-D(Achieve),2,3,1,1,1,1,1,1,21600,3014002,0,275107900,1,6,1
231101704,2311017,Officer Suit Jacket-D(Achieve),2,3,1,1,1,1,1,1,43200,3014002,0,275107900,1,6,1
231101705,2311017,Officer Suit Jacket-D(Achieve),2,3,1,1,1,1,1,1,72000,3014002,0,275107900,1,6,1
231101706,2311017,Officer Suit Jacket-D(Achieve),2,3,1,1,1,1,1,1,129600,3014002,0,275107900,1,6,1
231101801,2311018,Forest Camo Vest(Achieve),2,3,1,1,1,1,1,1,1440,3014002,0,275107900,1,6,1
231101802,2311018,Forest Camo Vest(Achieve),2,3,1,1,1,1,1,1,10080,3014002,0,275107900,1,6,1
231101803,2311018,Forest Camo Vest(Achieve),2,3,1,1,1,1,1,1,21600,3014002,0,275107900,1,6,1
231101804,2311018,Forest Camo Vest(Achieve),2,3,1,1,1,1,1,1,43200,3014002,0,275107900,1,6,1
231101805,2311018,Forest Camo Vest(Achieve),2,3,1,1,1,1,1,1,72000,3014002,0,275107900,1,6,1
231101806,2311018,Forest Camo Vest(Achieve),2,3,1,1,1,1,1,1,129600,3014002,0,275107900,1,6,1
231101901,2311019,Sheriff Shirt(Achieve),2,3,1,1,1,1,1,1,1440,3014002,0,275107900,1,6,1
231101902,2311019,Sheriff Shirt(Achieve),2,3,1,1,1,1,1,1,10080,3014002,0,275107900,1,6,1
231101903,2311019,Sheriff Shirt(Achieve),2,3,1,1,1,1,1,1,21600,3014002,0,275107900,1,6,1
231101904,2311019,Sheriff Shirt(Achieve),2,3,1,1,1,1,1,1,43200,3014002,0,275107900,1,6,1
231101905,2311019,Sheriff Shirt(Achieve),2,3,1,1,1,1,1,1,72000,3014002,0,275107900,1,6,1
231101906,2311019,Sheriff Shirt(Achieve),2,3,1,1,1,1,1,1,129600,3014002,0,275107900,1,6,1
231102001,2311020,Police Vest(Achieve),2,3,1,1,1,1,1,1,1440,3014002,0,275107900,1,6,1
231102002,2311020,Police Vest(Achieve),2,3,1,1,1,1,1,1,10080,3014002,0,275107900,1,6,1
231102003,2311020,Police Vest(Achieve),2,3,1,1,1,1,1,1,21600,3014002,0,275107900,1,6,1
231102004,2311020,Police Vest(Achieve),2,3,1,1,1,1,1,1,43200,3014002,0,275107900,1,6,1
231102005,2311020,Police Vest(Achieve),2,3,1,1,1,1,1,1,72000,3014002,0,275107900,1,6,1
231102006,2311020,Police Vest(Achieve),2,3,1,1,1,1,1,1,129600,3014002,0,275107900,1,6,1
231102201,2311022,SWAT Commando Top,2,3,1,1,1,1,1,1,1440,0,0,275508000,1,6,0
231102202,2311022,SWAT Commando Top,2,3,1,1,1,1,1,1,10080,0,0,275508000,1,6,0
231102203,2311022,SWAT Commando Top,2,3,1,1,1,1,1,1,21600,0,0,275508000,1,6,0
231102204,2311022,SWAT Commando Top,2,3,1,1,1,1,1,1,43200,0,0,275508000,1,6,0
231102205,2311022,SWAT Commando Top,2,3,1,1,1,1,1,1,72000,0,0,275508000,1,6,0
231102206,2311022,SWAT Commando Top,2,3,1,1,1,1,1,1,129600,0,0,275508000,1,6,0
231102301,2311023,Bike Jacket,2,3,1,1,1,1,1,0,1440,3014009,0,275908100,0,6,0
231102302,2311023,Bike Jacket,2,3,1,1,1,1,1,0,10080,3014009,0,275908100,0,6,0
231102303,2311023,Bike Jacket,2,3,1,1,1,1,1,0,21600,3014009,0,275908100,0,6,0
231102304,2311023,Bike Jacket,2,3,1,1,1,1,1,0,43200,3014009,0,275908100,0,6,0
231102305,2311023,Bike Jacket,2,3,1,1,1,1,1,0,72000,3014009,0,275908100,0,6,0
231102306,2311023,Bike Jacket,2,3,1,1,1,1,1,0,129600,3014009,0,275908100,0,6,0
231102401,2311024,RiotGear Top,2,3,1,1,1,1,1,0,1440,3014009,0,275908100,0,6,0
231102402,2311024,RiotGear Top,2,3,1,1,1,1,1,0,10080,3014009,0,275908100,0,6,0
231102403,2311024,RiotGear Top,2,3,1,1,1,1,1,0,21600,3014009,0,275908100,0,6,0
231102404,2311024,RiotGear Top,2,3,1,1,1,1,1,0,43200,3014009,0,275908100,0,6,0
231102405,2311024,RiotGear Top,2,3,1,1,1,1,1,0,72000,3014009,0,275908100,0,6,0
231102406,2311024,RiotGear Top,2,3,1,1,1,1,1,0,129600,3014009,0,275908100,0,6,0
231102501,2311025,NOCS Jacket,2,3,1,1,1,1,1,0,1440,3014009,0,275908100,0,6,0
231102502,2311025,NOCS Jacket,2,3,1,1,1,1,1,0,10080,3014009,0,275908100,0,6,0
231102503,2311025,NOCS Jacket,2,3,1,1,1,1,1,0,21600,3014009,0,275908100,0,6,0
231102504,2311025,NOCS Jacket,2,3,1,1,1,1,1,0,43200,3014009,0,275908100,0,6,0
231102505,2311025,NOCS Jacket,2,3,1,1,1,1,1,0,72000,3014009,0,275908100,0,6,0
231102506,2311025,NOCS Jacket,2,3,1,1,1,1,1,0,129600,3014009,0,275908100,0,6,0
231102601,2311026,Rudolph Body,2,3,1,1,1,1,1,1,1440,0,0,275908100,1,6,0
231102701,2311027,Arctic Jumper,2,3,1,1,1,1,1,0,1440,3014009,0,275908100,0,6,0
231102702,2311027,Arctic Jumper,2,3,1,1,1,1,1,0,10080,3014009,0,275908100,0,6,0
231102703,2311027,Arctic Jumper,2,3,1,1,1,1,1,0,21600,3014009,0,275908100,0,6,0
231102704,2311027,Arctic Jumper,2,3,1,1,1,1,1,0,43200,3014009,0,275908100,0,6,0
231102705,2311027,Arctic Jumper,2,3,1,1,1,1,1,0,72000,3014009,0,275908100,0,6,0
231102706,2311027,Arctic Jumper,2,3,1,1,1,1,1,0,129600,3014009,0,275908100,0,6,0
231102801,2311028,Snow Camo Jacket,2,3,1,1,1,1,1,0,1440,3014009,0,275908100,0,6,0
231102802,2311028,Snow Camo Jacket,2,3,1,1,1,1,1,0,10080,3014009,0,275908100,0,6,0
231102803,2311028,Snow Camo Jacket,2,3,1,1,1,1,1,0,21600,3014009,0,275908100,0,6,0
231102804,2311028,Snow Camo Jacket,2,3,1,1,1,1,1,0,43200,3014009,0,275908100,0,6,0
231102805,2311028,Snow Camo Jacket,2,3,1,1,1,1,1,0,72000,3014009,0,275908100,0,6,0
231102806,2311028,Snow Camo Jacket,2,3,1,1,1,1,1,0,129600,3014009,0,275908100,0,6,0
231102901,2311029,BDU Ripstop Top,2,3,1,1,1,1,1,0,1440,0,0,275908100,0,6,0
231102902,2311029,BDU Ripstop Top,2,3,1,1,1,1,1,0,10080,0,0,275908100,0,6,0
231102903,2311029,BDU Ripstop Top,2,3,1,1,1,1,1,0,21600,0,0,275908100,0,6,0
231102904,2311029,BDU Ripstop Top,2,3,1,1,1,1,1,0,43200,0,0,275908100,0,6,0
231102905,2311029,BDU Ripstop Top,2,3,1,1,1,1,1,0,72000,0,0,275908100,0,6,0
231102906,2311029,BDU Ripstop Top,2,3,1,1,1,1,1,0,129600,0,0,275908100,0,6,0
231103001,2311030,Police Vest_Cash,2,3,1,1,1,1,1,0,1440,3014009,0,275908100,0,6,0
231103002,2311030,Police Vest_Cash,2,3,1,1,1,1,1,0,10080,3014009,0,275908100,0,6,0
231103003,2311030,Police Vest_Cash,2,3,1,1,1,1,1,0,21600,3014009,0,275908100,0,6,0
231103004,2311030,Police Vest_Cash,2,3,1,1,1,1,1,0,43200,3014009,0,275908100,0,6,0
231103005,2311030,Police Vest_Cash,2,3,1,1,1,1,1,0,72000,3014009,0,275908100,0,6,0
231103006,2311030,Police Vest_Cash,2,3,1,1,1,1,1,0,129600,3014009,0,275908100,0,6,0
231103101,2311031,Navyseal Jacket_Cash,2,3,1,1,1,1,1,0,1440,3014009,0,275908100,0,6,0
231103102,2311031,Navyseal Jacket_Cash,2,3,1,1,1,1,1,0,10080,3014009,0,275908100,0,6,0
231103103,2311031,Navyseal Jacket_Cash,2,3,1,1,1,1,1,0,21600,3014009,0,275908100,0,6,0
231103104,2311031,Navyseal Jacket_Cash,2,3,1,1,1,1,1,0,43200,3014009,0,275908100,0,6,0
231103105,2311031,Navyseal Jacket_Cash,2,3,1,1,1,1,1,0,72000,3014009,0,275908100,0,6,0
231103106,2311031,Navyseal Jacket_Cash,2,3,1,1,1,1,1,0,129600,3014009,0,275908100,0,6,0
231103201,2311032,Forest Camo Vest_Cash,2,3,1,1,1,1,1,0,1440,3014009,0,275908100,0,6,0
231103202,2311032,Forest Camo Vest_Cash,2,3,1,1,1,1,1,0,10080,3014009,0,275908100,0,6,0
231103203,2311032,Forest Camo Vest_Cash,2,3,1,1,1,1,1,0,21600,3014009,0,275908100,0,6,0
231103204,2311032,Forest Camo Vest_Cash,2,3,1,1,1,1,1,0,43200,3014009,0,275908100,0,6,0
231103205,2311032,Forest Camo Vest_Cash,2,3,1,1,1,1,1,0,72000,3014009,0,275908100,0,6,0
231103206,2311032,Forest Camo Vest_Cash,2,3,1,1,1,1,1,0,129600,3014009,0,275908100,0,6,0
231103301,2311033,Sheriff Shirt_Cash,2,3,1,1,1,1,1,0,1440,3014009,0,275908100,0,6,0
231103302,2311033,Sheriff Shirt_Cash,2,3,1,1,1,1,1,0,10080,3014009,0,275908100,0,6,0
231103303,2311033,Sheriff Shirt_Cash,2,3,1,1,1,1,1,0,21600,3014009,0,275908100,0,6,0
231103304,2311033,Sheriff Shirt_Cash,2,3,1,1,1,1,1,0,43200,3014009,0,275908100,0,6,0
231103305,2311033,Sheriff Shirt_Cash,2,3,1,1,1,1,1,0,72000,3014009,0,275908100,0,6,0
231103306,2311033,Sheriff Shirt_Cash,2,3,1,1,1,1,1,0,129600,3014009,0,275908100,0,6,0
231103401,2311034,NOCS Jacket_A-Type,2,3,1,1,1,1,1,0,1440,3030002,0,275908100,0,6,0
231103402,2311034,NOCS Jacket_A-Type,2,3,1,1,1,1,1,0,10080,3030002,0,275908100,0,6,0
231103403,2311034,NOCS Jacket_A-Type,2,3,1,1,1,1,1,0,21600,3030002,0,275908100,0,6,0
231103404,2311034,NOCS Jacket_A-Type,2,3,1,1,1,1,1,0,43200,3030002,0,275908100,0,6,0
231103405,2311034,NOCS Jacket_A-Type,2,3,1,1,1,1,1,0,72000,3030002,0,275908100,0,6,0
231103406,2311034,NOCS Jacket_A-Type,2,3,1,1,1,1,1,0,129600,3030002,0,275908100,0,6,0
231103501,2311035,Black Suit,2,3,1,1,1,1,1,0,1440,0,0,275908100,0,6,0
231103502,2311035,Black Suit,2,3,1,1,1,1,1,0,10080,0,0,275908100,0,6,0
231103503,2311035,Black Suit,2,3,1,1,1,1,1,0,21600,0,0,275908100,0,6,0
231103504,2311035,Black Suit,2,3,1,1,1,1,1,0,43200,0,0,275908100,0,6,0
231103505,2311035,Black Suit,2,3,1,1,1,1,1,0,72000,0,0,275908100,0,6,0
231103506,2311035,Black Suit,2,3,1,1,1,1,1,0,129600,0,0,275908100,0,6,0
231199701,2311997,Swap TEST_Body_S,2,3,1,1,1,1,1,1,1440,3030001,0,275908100,1,6,0
231199801,2311998,Reload TEST_Body_S,2,3,1,1,1,1,1,1,1440,3029001,0,275908100,1,6,0
231200101,2312001,Tactical TankTop,2,3,1,2,1,2,1,1,1440,0,0,275908100,1,6,0
231200102,2312001,Tactical TankTop,2,3,1,2,1,2,1,1,10080,0,0,275908100,1,6,0
231200103,2312001,Tactical TankTop,2,3,1,2,1,2,1,1,21600,0,0,275908100,1,6,0
231200104,2312001,Tactical TankTop,2,3,1,2,1,2,1,1,43200,0,0,275908100,1,6,0
231200105,2312001,Tactical TankTop,2,3,1,2,1,2,1,1,72000,0,0,275908100,1,6,0
231200106,2312001,Tactical TankTop,2,3,1,2,1,2,1,1,129600,0,0,275908100,1,6,0
231200201,2312002,SWAT Extreme TankTop,2,3,1,2,1,2,1,1,1440,0,0,275908100,1,6,0
231200202,2312002,SWAT Extreme TankTop,2,3,1,2,1,2,1,1,10080,0,0,275908100,1,6,0
231200203,2312002,SWAT Extreme TankTop,2,3,1,2,1,2,1,1,21600,0,0,275908100,1,6,0
231200204,2312002,SWAT Extreme TankTop,2,3,1,2,1,2,1,1,43200,0,0,275908100,1,6,0
231200205,2312002,SWAT Extreme TankTop,2,3,1,2,1,2,1,1,72000,0,0,275908100,1,6,0
231200206,2312002,SWAT Extreme TankTop,2,3,1,2,1,2,1,1,129600,0,0,275908100,1,6,0
231200301,2312003,swat_woman_2 Shirt,2,3,1,2,1,2,1,1,1440,0,0,275908100,1,6,0
231200302,2312003,swat_woman_2 Shirt,2,3,1,2,1,2,1,1,10080,0,0,275908100,1,6,0
231200303,2312003,swat_woman_2 Shirt,2,3,1,2,1,2,1,1,21600,0,0,275908100,1,6,0
231200304,2312003,swat_woman_2 Shirt,2,3,1,2,1,2,1,1,43200,0,0,275908100,1,6,0
231200305,2312003,swat_woman_2 Shirt,2,3,1,2,1,2,1,1,72000,0,0,275908100,1,6,0
231200501,2312005,Natural Hairband,2,3,1,2,1,2,1,0,1440,0,0,275908100,0,6,0
231200502,2312005,Natural Hairband,2,3,1,2,1,2,1,0,10080,0,0,275908100,0,6,0
231200503,2312005,Natural Hairband,2,3,1,2,1,2,1,0,21600,0,0,275908100,0,6,0
231200504,2312005,Natural Hairband,2,3,1,2,1,2,1,0,43200,0,0,275908100,0,6,0
231200505,2312005,Natural Hairband,2,3,1,2,1,2,1,0,72000,0,0,275908100,0,6,0
231200506,2312005,Natural Hairband,2,3,1,2,1,2,1,0,129600,0,0,275908100,0,6,0
231200701,2312007,SWAT_Nurse Body,2,3,1,2,1,2,1,0,1440,0,0,275908100,0,6,0
231200702,2312007,SWAT_Nurse Body,2,3,1,2,1,2,1,0,10080,0,0,275908100,0,6,0
231200703,2312007,SWAT_Nurse Body,2,3,1,2,1,2,1,0,21600,0,0,275908100,0,6,0
231200704,2312007,SWAT_Nurse Body,2,3,1,2,1,2,1,0,43200,0,0,275908100,0,6,0
231200705,2312007,SWAT_Nurse Body,2,3,1,2,1,2,1,0,72000,0,0,275908100,0,6,0
231200706,2312007,SWAT_Nurse Body,2,3,1,2,1,2,1,0,129600,0,0,275908100,0,6,0
231209901,2312099,Angelina Default Body,2,3,1,2,1,2,1,1,1440,0,0,275908100,1,6,0
231300101,2313001,Prisoner Shirt,2,3,1,3,2,1,1,1,1440,0,0,279508000,1,6,0
231300102,2313001,Prisoner Shirt,2,3,1,3,2,1,1,1,10080,0,0,279508000,1,6,0
231300103,2313001,Prisoner Shirt,2,3,1,3,2,1,1,1,21600,0,0,279508000,1,6,0
231300104,2313001,Prisoner Shirt,2,3,1,3,2,1,1,1,43200,0,0,279508000,1,6,0
231300105,2313001,Prisoner Shirt,2,3,1,3,2,1,1,1,72000,0,0,279508000,1,6,0
231300106,2313001,Prisoner Shirt,2,3,1,3,2,1,1,1,129600,0,0,279508000,1,6,0
231300201,2313002,Gangster_Default Body,2,3,1,3,2,1,1,1,0,0,0,279508000,0,6,0
231300301,2313003,Animal_Pig Body,2,3,1,3,2,1,1,1,60,0,0,279908100,1,6,0
231300401,2313004,The Bulls(Achieve),2,3,1,3,2,1,1,1,1440,3014002,0,279107900,1,6,1
231300402,2313004,The Bulls(Achieve),2,3,1,3,2,1,1,1,10080,3014002,0,279107900,1,6,1
231300403,2313004,The Bulls(Achieve),2,3,1,3,2,1,1,1,21600,3014002,0,279107900,1,6,1
231300404,2313004,The Bulls(Achieve),2,3,1,3,2,1,1,1,43200,3014002,0,279107900,1,6,1
231300405,2313004,The Bulls(Achieve),2,3,1,3,2,1,1,1,72000,3014002,0,279107900,1,6,1
231300406,2313004,The Bulls(Achieve),2,3,1,3,2,1,1,1,129600,3014002,0,279107900,1,6,1
231300501,2313005,The Pride(Achieve),2,3,1,3,2,1,1,1,1440,3014002,0,279107900,1,6,1
231300502,2313005,The Pride(Achieve),2,3,1,3,2,1,1,1,10080,3014002,0,279107900,1,6,1
231300503,2313005,The Pride(Achieve),2,3,1,3,2,1,1,1,21600,3014002,0,279107900,1,6,1
231300504,2313005,The Pride(Achieve),2,3,1,3,2,1,1,1,43200,3014002,0,279107900,1,6,1
231300505,2313005,The Pride(Achieve),2,3,1,3,2,1,1,1,72000,3014002,0,279107900,1,6,1
231300506,2313005,The Pride(Achieve),2,3,1,3,2,1,1,1,129600,3014002,0,279107900,1,6,1
231300601,2313006,Romantic Wine,2,3,1,3,2,1,1,1,1440,0,0,279508000,1,6,0
231300602,2313006,Romantic Wine,2,3,1,3,2,1,1,1,10080,0,0,279508000,1,6,0
231300603,2313006,Romantic Wine,2,3,1,3,2,1,1,1,21600,0,0,279508000,1,6,0
231300604,2313006,Romantic Wine,2,3,1,3,2,1,1,1,43200,0,0,279508000,1,6,0
231300605,2313006,Romantic Wine,2,3,1,3,2,1,1,1,72000,0,0,279508000,1,6,0
231300606,2313006,Romantic Wine,2,3,1,3,2,1,1,1,129600,0,0,279508000,1,6,0
231300701,2313007,Riding Jacket,2,3,1,3,2,1,1,0,1440,3014009,0,279908100,0,6,0
231300702,2313007,Riding Jacket,2,3,1,3,2,1,1,0,10080,3014009,0,279908100,0,6,0
231300703,2313007,Riding Jacket,2,3,1,3,2,1,1,0,21600,3014009,0,279908100,0,6,0
231300704,2313007,Riding Jacket,2,3,1,3,2,1,1,0,43200,3014009,0,279908100,0,6,0
231300705,2313007,Riding Jacket,2,3,1,3,2,1,1,0,72000,3014009,0,279908100,0,6,0
231300706,2313007,Riding Jacket,2,3,1,3,2,1,1,0,129600,3014009,0,279908100,0,6,0
231300801,2313008,Blitz(Achieve),2,3,1,3,2,1,1,1,1440,3014002,0,279107900,1,6,1
231300802,2313008,Blitz(Achieve),2,3,1,3,2,1,1,1,10080,3014002,0,279107900,1,6,1
231300803,2313008,Blitz(Achieve),2,3,1,3,2,1,1,1,21600,3014002,0,279107900,1,6,1
231300804,2313008,Blitz(Achieve),2,3,1,3,2,1,1,1,43200,3014002,0,279107900,1,6,1
231300805,2313008,Blitz(Achieve),2,3,1,3,2,1,1,1,72000,3014002,0,279107900,1,6,1
231300806,2313008,Blitz(Achieve),2,3,1,3,2,1,1,1,129600,3014002,0,279107900,1,6,1
231300901,2313009,Men Hunter,2,3,1,3,2,1,1,1,1440,0,0,279508000,1,6,0
231300902,2313009,Men Hunter,2,3,1,3,2,1,1,1,10080,0,0,279508000,1,6,0
231300903,2313009,Men Hunter,2,3,1,3,2,1,1,1,21600,0,0,279508000,1,6,0
231300904,2313009,Men Hunter,2,3,1,3,2,1,1,1,43200,0,0,279508000,1,6,0
231300905,2313009,Men Hunter,2,3,1,3,2,1,1,1,72000,0,0,279508000,1,6,0
231300906,2313009,Men Hunter,2,3,1,3,2,1,1,1,129600,0,0,279508000,1,6,0
231301001,2313010,Black Star(Achieve),2,3,1,3,2,1,1,1,1440,3014002,0,279107900,1,6,1
231301002,2313010,Black Star(Achieve),2,3,1,3,2,1,1,1,10080,3014002,0,279107900,1,6,1
231301003,2313010,Black Star(Achieve),2,3,1,3,2,1,1,1,21600,3014002,0,279107900,1,6,1
231301004,2313010,Black Star(Achieve),2,3,1,3,2,1,1,1,43200,3014002,0,279107900,1,6,1
231301005,2313010,Black Star(Achieve),2,3,1,3,2,1,1,1,72000,3014002,0,279107900,1,6,1
231301006,2313010,Black Star(Achieve),2,3,1,3,2,1,1,1,129600,3014002,0,279107900,1,6,1
231301101,2313011,Mad's Body,2,3,1,3,2,1,1,1,60,0,0,279908100,1,6,0
231301201,2313012,Kim Black Body,2,3,1,3,2,1,1,1,60,3040001,0,279508000,1,6,0
231301301,2313013,White Tanktop,2,3,1,3,2,1,1,1,1440,0,0,279508000,1,6,0
231301302,2313013,White Tanktop,2,3,1,3,2,1,1,1,10080,0,0,279508000,1,6,0
231301303,2313013,White Tanktop,2,3,1,3,2,1,1,1,21600,0,0,279508000,1,6,0
231301304,2313013,White Tanktop,2,3,1,3,2,1,1,1,43200,0,0,279508000,1,6,0
231301305,2313013,White Tanktop,2,3,1,3,2,1,1,1,72000,0,0,279508000,1,6,0
231301306,2313013,White Tanktop,2,3,1,3,2,1,1,1,129600,0,0,279508000,1,6,0
231301401,2313014,Fakefur Coat-A(Achieve),2,3,1,3,2,1,1,1,1440,3014002,0,279107900,1,6,1
231301402,2313014,Fakefur Coat-A(Achieve),2,3,1,3,2,1,1,1,10080,3014002,0,279107900,1,6,1
231301403,2313014,Fakefur Coat-A(Achieve),2,3,1,3,2,1,1,1,21600,3014002,0,279107900,1,6,1
231301404,2313014,Fakefur Coat-A(Achieve),2,3,1,3,2,1,1,1,43200,3014002,0,279107900,1,6,1
231301405,2313014,Fakefur Coat-A(Achieve),2,3,1,3,2,1,1,1,72000,3014002,0,279107900,1,6,1
231301406,2313014,Fakefur Coat-A(Achieve),2,3,1,3,2,1,1,1,129600,3014002,0,279107900,1,6,1
231301501,2313015,Fakefur Coat-B(Achieve),2,3,1,3,2,1,1,1,1440,3014002,0,279107900,1,6,1
231301502,2313015,Fakefur Coat-B(Achieve),2,3,1,3,2,1,1,1,10080,3014002,0,279107900,1,6,1
231301503,2313015,Fakefur Coat-B(Achieve),2,3,1,3,2,1,1,1,21600,3014002,0,279107900,1,6,1
231301504,2313015,Fakefur Coat-B(Achieve),2,3,1,3,2,1,1,1,43200,3014002,0,279107900,1,6,1
231301505,2313015,Fakefur Coat-B(Achieve),2,3,1,3,2,1,1,1,72000,3014002,0,279107900,1,6,1
231301506,2313015,Fakefur Coat-B(Achieve),2,3,1,3,2,1,1,1,129600,3014002,0,279107900,1,6,1
231301601,2313016,Fakefur Coat-C(Achieve),2,3,1,3,2,1,1,1,1440,3014002,0,279107900,1,6,1
231301602,2313016,Fakefur Coat-C(Achieve),2,3,1,3,2,1,1,1,10080,3014002,0,279107900,1,6,1
231301603,2313016,Fakefur Coat-C(Achieve),2,3,1,3,2,1,1,1,21600,3014002,0,279107900,1,6,1
231301604,2313016,Fakefur Coat-C(Achieve),2,3,1,3,2,1,1,1,43200,3014002,0,279107900,1,6,1
231301605,2313016,Fakefur Coat-C(Achieve),2,3,1,3,2,1,1,1,72000,3014002,0,279107900,1,6,1
231301606,2313016,Fakefur Coat-C(Achieve),2,3,1,3,2,1,1,1,129600,3014002,0,279107900,1,6,1
231301701,2313017,Fakefur Coat-D(Achieve),2,3,1,3,2,1,1,1,1440,3014002,0,279107900,1,6,1
231301702,2313017,Fakefur Coat-D(Achieve),2,3,1,3,2,1,1,1,10080,3014002,0,279107900,1,6,1
231301703,2313017,Fakefur Coat-D(Achieve),2,3,1,3,2,1,1,1,21600,3014002,0,279107900,1,6,1
231301704,2313017,Fakefur Coat-D(Achieve),2,3,1,3,2,1,1,1,43200,3014002,0,279107900,1,6,1
231301705,2313017,Fakefur Coat-D(Achieve),2,3,1,3,2,1,1,1,72000,3014002,0,279107900,1,6,1
231301706,2313017,Fakefur Coat-D(Achieve),2,3,1,3,2,1,1,1,129600,3014002,0,279107900,1,6,1
231301801,2313018,Animal_Duck Body,2,3,1,3,2,1,1,1,1440,0,0,279508000,1,6,0
231301901,2313019,Rain dust Coat,2,3,1,3,2,1,1,1,1440,0,0,279908100,1,6,0
231301902,2313019,Rain dust Coat,2,3,1,3,2,1,1,1,10080,0,0,279908100,1,6,0
231301903,2313019,Rain dust Coat,2,3,1,3,2,1,1,1,21600,0,0,279908100,1,6,0
231301904,2313019,Rain dust Coat,2,3,1,3,2,1,1,1,43200,0,0,279908100,1,6,0
231301905,2313019,Rain dust Coat,2,3,1,3,2,1,1,1,72000,0,0,279908100,1,6,0
231301906,2313019,Rain dust Coat,2,3,1,3,2,1,1,1,129600,0,0,279908100,1,6,0
231302001,2313020,Yellow Tanktop,2,3,1,3,2,1,1,1,1440,0,0,279508000,1,6,0
231302002,2313020,Yellow Tanktop,2,3,1,3,2,1,1,1,10080,0,0,279508000,1,6,0
231302003,2313020,Yellow Tanktop,2,3,1,3,2,1,1,1,21600,0,0,279508000,1,6,0
231302004,2313020,Yellow Tanktop,2,3,1,3,2,1,1,1,43200,0,0,279508000,1,6,0
231302005,2313020,Yellow Tanktop,2,3,1,3,2,1,1,1,72000,0,0,279508000,1,6,0
231302006,2313020,Yellow Tanktop,2,3,1,3,2,1,1,1,129600,0,0,279508000,1,6,0
231302101,2313021,Green Sweatshirt,2,3,1,3,2,1,1,0,1440,3014009,0,279908100,0,6,0
231302102,2313021,Green Sweatshirt,2,3,1,3,2,1,1,0,10080,3014009,0,279908100,0,6,0
231302103,2313021,Green Sweatshirt,2,3,1,3,2,1,1,0,21600,3014009,0,279908100,0,6,0
231302104,2313021,Green Sweatshirt,2,3,1,3,2,1,1,0,43200,3014009,0,279908100,0,6,0
231302105,2313021,Green Sweatshirt,2,3,1,3,2,1,1,0,72000,3014009,0,279908100,0,6,0
231302106,2313021,Green Sweatshirt,2,3,1,3,2,1,1,0,129600,3014009,0,279908100,0,6,0
231302201,2313022,Desperado Shirt,2,3,1,3,2,1,1,0,1440,3014009,0,279908100,0,6,0
231302202,2313022,Desperado Shirt,2,3,1,3,2,1,1,0,10080,3014009,0,279908100,0,6,0
231302203,2313022,Desperado Shirt,2,3,1,3,2,1,1,0,21600,3014009,0,279908100,0,6,0
231302204,2313022,Desperado Shirt,2,3,1,3,2,1,1,0,43200,3014009,0,279908100,0,6,0
231302205,2313022,Desperado Shirt,2,3,1,3,2,1,1,0,72000,3014009,0,279908100,0,6,0
231302206,2313022,Desperado Shirt,2,3,1,3,2,1,1,0,129600,3014009,0,279908100,0,6,0
231302301,2313023,Orange Jumper,2,3,1,3,2,1,1,0,1440,3014009,0,279908100,0,6,0
231302302,2313023,Orange Jumper,2,3,1,3,2,1,1,0,10080,3014009,0,279908100,0,6,0
231302303,2313023,Orange Jumper,2,3,1,3,2,1,1,0,21600,3014009,0,279908100,0,6,0
231302304,2313023,Orange Jumper,2,3,1,3,2,1,1,0,43200,3014009,0,279908100,0,6,0
231302305,2313023,Orange Jumper,2,3,1,3,2,1,1,0,72000,3014009,0,279908100,0,6,0
231302306,2313023,Orange Jumper,2,3,1,3,2,1,1,0,129600,3014009,0,279908100,0,6,0
231302401,2313024,Santa's Coat,2,3,1,3,2,1,1,1,1440,0,0,279908100,1,6,0
231302501,2313025,Padding Parka,2,3,1,3,2,1,1,0,1440,3014009,0,279908100,0,6,0
231302502,2313025,Padding Parka,2,3,1,3,2,1,1,0,10080,3014009,0,279908100,0,6,0
231302503,2313025,Padding Parka,2,3,1,3,2,1,1,0,21600,3014009,0,279908100,0,6,0
231302504,2313025,Padding Parka,2,3,1,3,2,1,1,0,43200,3014009,0,279908100,0,6,0
231302505,2313025,Padding Parka,2,3,1,3,2,1,1,0,72000,3014009,0,279908100,0,6,0
231302506,2313025,Padding Parka,2,3,1,3,2,1,1,0,129600,3014009,0,279908100,0,6,0
231302601,2313026,Check Parka,2,3,1,3,2,1,1,0,1440,3014009,0,279908100,0,6,0
231302602,2313026,Check Parka,2,3,1,3,2,1,1,0,10080,3014009,0,279908100,0,6,0
231302603,2313026,Check Parka,2,3,1,3,2,1,1,0,21600,3014009,0,279908100,0,6,0
231302604,2313026,Check Parka,2,3,1,3,2,1,1,0,43200,3014009,0,279908100,0,6,0
231302605,2313026,Check Parka,2,3,1,3,2,1,1,0,72000,3014009,0,279908100,0,6,0
231302606,2313026,Check Parka,2,3,1,3,2,1,1,0,129600,3014009,0,279908100,0,6,0
231302701,2313027,Stud Punk Vest,2,3,1,3,2,1,1,0,1440,0,0,279908100,0,6,0
231302702,2313027,Stud Punk Vest,2,3,1,3,2,1,1,0,10080,0,0,279908100,0,6,0
231302703,2313027,Stud Punk Vest,2,3,1,3,2,1,1,0,21600,0,0,279908100,0,6,0
231302704,2313027,Stud Punk Vest,2,3,1,3,2,1,1,0,43200,0,0,279908100,0,6,0
231302705,2313027,Stud Punk Vest,2,3,1,3,2,1,1,0,72000,0,0,279908100,0,6,0
231302706,2313027,Stud Punk Vest,2,3,1,3,2,1,1,0,129600,0,0,279908100,0,6,0
231302801,2313028,Black Star_Cash,2,3,1,3,2,1,1,0,1440,3014009,0,279908100,0,6,0
231302802,2313028,Black Star_Cash,2,3,1,3,2,1,1,0,10080,3014009,0,279908100,0,6,0
231302803,2313028,Black Star_Cash,2,3,1,3,2,1,1,0,21600,3014009,0,279908100,0,6,0
231302804,2313028,Black Star_Cash,2,3,1,3,2,1,1,0,43200,3014009,0,279908100,0,6,0
231302805,2313028,Black Star_Cash,2,3,1,3,2,1,1,0,72000,3014009,0,279908100,0,6,0
231302806,2313028,Black Star_Cash,2,3,1,3,2,1,1,0,129600,3014009,0,279908100,0,6,0
231302901,2313029,The Pride_Cash,2,3,1,3,2,1,1,0,1440,3014009,0,279908100,0,6,0
231302902,2313029,The Pride_Cash,2,3,1,3,2,1,1,0,10080,3014009,0,279908100,0,6,0
231302903,2313029,The Pride_Cash,2,3,1,3,2,1,1,0,21600,3014009,0,279908100,0,6,0
231302904,2313029,The Pride_Cash,2,3,1,3,2,1,1,0,43200,3014009,0,279908100,0,6,0
231302905,2313029,The Pride_Cash,2,3,1,3,2,1,1,0,72000,3014009,0,279908100,0,6,0
231302906,2313029,The Pride_Cash,2,3,1,3,2,1,1,0,129600,3014009,0,279908100,0,6,0
231303001,2313030,Blitz_Cash,2,3,1,3,2,1,1,0,1440,3014009,0,279908100,0,6,0
231303002,2313030,Blitz_Cash,2,3,1,3,2,1,1,0,10080,3014009,0,279908100,0,6,0
231303003,2313030,Blitz_Cash,2,3,1,3,2,1,1,0,21600,3014009,0,279908100,0,6,0
231303004,2313030,Blitz_Cash,2,3,1,3,2,1,1,0,43200,3014009,0,279908100,0,6,0
231303005,2313030,Blitz_Cash,2,3,1,3,2,1,1,0,72000,3014009,0,279908100,0,6,0
231303006,2313030,Blitz_Cash,2,3,1,3,2,1,1,0,129600,3014009,0,279908100,0,6,0
231303101,2313031,The Bulls_Cash,2,3,1,3,2,1,1,0,1440,3014009,0,279908100,0,6,0
231303102,2313031,The Bulls_Cash,2,3,1,3,2,1,1,0,10080,3014009,0,279908100,0,6,0
231303103,2313031,The Bulls_Cash,2,3,1,3,2,1,1,0,21600,3014009,0,279908100,0,6,0
231303104,2313031,The Bulls_Cash,2,3,1,3,2,1,1,0,43200,3014009,0,279908100,0,6,0
231303105,2313031,The Bulls_Cash,2,3,1,3,2,1,1,0,72000,3014009,0,279908100,0,6,0
231303106,2313031,The Bulls_Cash,2,3,1,3,2,1,1,0,129600,3014009,0,279908100,0,6,0
231303201,2313032,Desperado Shirt_A-Type,2,3,1,3,2,1,1,0,1440,3030002,0,279908100,0,6,0
231303202,2313032,Desperado Shirt_A-Type,2,3,1,3,2,1,1,0,10080,3030002,0,279908100,0,6,0
231303203,2313032,Desperado Shirt_A-Type,2,3,1,3,2,1,1,0,21600,3030002,0,279908100,0,6,0
231303204,2313032,Desperado Shirt_A-Type,2,3,1,3,2,1,1,0,43200,3030002,0,279908100,0,6,0
231303205,2313032,Desperado Shirt_A-Type,2,3,1,3,2,1,1,0,72000,3030002,0,279908100,0,6,0
231303206,2313032,Desperado Shirt_A-Type,2,3,1,3,2,1,1,0,129600,3030002,0,279908100,0,6,0
231303501,2313035,Classic Suit,2,3,1,3,2,1,1,0,1440,0,0,279908100,0,6,0
231303502,2313035,Classic Suit,2,3,1,3,2,1,1,0,10080,0,0,279908100,0,6,0
231303503,2313035,Classic Suit,2,3,1,3,2,1,1,0,21600,0,0,279908100,0,6,0
231303504,2313035,Classic Suit,2,3,1,3,2,1,1,0,43200,0,0,279908100,0,6,0
231303505,2313035,Classic Suit,2,3,1,3,2,1,1,0,72000,0,0,279908100,0,6,0
231303506,2313035,Classic Suit,2,3,1,3,2,1,1,0,129600,0,0,279908100,0,6,0
231399701,2313997,Swap TEST_Body_G,2,3,1,3,2,1,1,1,1440,3030001,0,279508000,1,6,0
231399801,2313998,Reload TEST_Body_G,2,3,1,3,2,1,1,1,1440,3029001,0,279508000,1,6,0
231399901,2313999,Blackman_Body,2,3,1,3,2,1,1,1,60,0,0,279908100,1,6,0
231400101,2314001,Chic Club Fur Top,2,3,1,4,2,2,1,1,1440,0,0,279908100,1,6,0
231400102,2314001,Chic Club Fur Top,2,3,1,4,2,2,1,1,10080,0,0,279908100,1,6,0
231400103,2314001,Chic Club Fur Top,2,3,1,4,2,2,1,1,21600,0,0,279908100,1,6,0
231400104,2314001,Chic Club Fur Top,2,3,1,4,2,2,1,1,43200,0,0,279908100,1,6,0
231400105,2314001,Chic Club Fur Top,2,3,1,4,2,2,1,1,72000,0,0,279908100,1,6,0
231400106,2314001,Chic Club Fur Top,2,3,1,4,2,2,1,1,129600,0,0,279908100,1,6,0
231400201,2314002,Maya's Shirt,2,3,1,4,2,2,1,1,1440,0,0,279908100,1,6,0
231400202,2314002,Maya's Shirt,2,3,1,4,2,2,1,1,10080,0,0,279908100,1,6,0
231400203,2314002,Maya's Shirt,2,3,1,4,2,2,1,1,21600,0,0,279908100,1,6,0
231400204,2314002,Maya's Shirt,2,3,1,4,2,2,1,1,43200,0,0,279908100,1,6,0
231400205,2314002,Maya's Shirt,2,3,1,4,2,2,1,1,72000,0,0,279908100,1,6,0
231400301,2314003,Jungle Tactics Top,2,3,1,4,2,2,1,1,1440,0,0,279908100,1,6,0
231400302,2314003,Jungle Tactics Top,2,3,1,4,2,2,1,1,10080,0,0,279908100,1,6,0
231400303,2314003,Jungle Tactics Top,2,3,1,4,2,2,1,1,21600,0,0,279908100,1,6,0
231400304,2314003,Jungle Tactics Top,2,3,1,4,2,2,1,1,43200,0,0,279908100,1,6,0
231400305,2314003,Jungle Tactics Top,2,3,1,4,2,2,1,1,72000,0,0,279908100,1,6,0
231400306,2314003,Jungle Tactics Top,2,3,1,4,2,2,1,1,129600,0,0,279908100,1,6,0
231400501,2314005,Bikini Top,2,3,1,4,2,2,1,0,1440,0,0,279908100,0,6,0
231400502,2314005,Bikini Top,2,3,1,4,2,2,1,0,10080,0,0,279908100,0,6,0
231400503,2314005,Bikini Top,2,3,1,4,2,2,1,0,21600,0,0,279908100,0,6,0
231400504,2314005,Bikini Top,2,3,1,4,2,2,1,0,43200,0,0,279908100,0,6,0
231400505,2314005,Bikini Top,2,3,1,4,2,2,1,0,72000,0,0,279908100,0,6,0
231400506,2314005,Bikini Top,2,3,1,4,2,2,1,0,129600,0,0,279908100,0,6,0
231400701,2314007,Gangster_Nurse Body,2,3,1,4,2,2,1,0,1440,0,0,279908100,0,6,0
231400702,2314007,Gangster_Nurse Body,2,3,1,4,2,2,1,0,10080,0,0,279908100,0,6,0
231400703,2314007,Gangster_Nurse Body,2,3,1,4,2,2,1,0,21600,0,0,279908100,0,6,0
231400704,2314007,Gangster_Nurse Body,2,3,1,4,2,2,1,0,43200,0,0,279908100,0,6,0
231400705,2314007,Gangster_Nurse Body,2,3,1,4,2,2,1,0,72000,0,0,279908100,0,6,0
231400706,2314007,Gangster_Nurse Body,2,3,1,4,2,2,1,0,129600,0,0,279908100,0,6,0
231409901,2314099,Jessica Default Body,2,3,1,4,2,2,1,1,1440,0,0,279908100,1,6,0
241100101,2411001,GIGN Pants,2,4,1,1,1,1,1,0,1440,3014010,0,255907800,0,7,0
241100102,2411001,GIGN Pants,2,4,1,1,1,1,1,0,10080,3014010,0,255907800,0,7,0
241100103,2411001,GIGN Pants,2,4,1,1,1,1,1,0,21600,3014010,0,255907800,0,7,0
241100104,2411001,GIGN Pants,2,4,1,1,1,1,1,0,43200,3014010,0,255907800,0,7,0
241100105,2411001,GIGN Pants,2,4,1,1,1,1,1,0,72000,3014010,0,255907800,0,7,0
241100106,2411001,GIGN Pants,2,4,1,1,1,1,1,0,129600,3014010,0,255907800,0,7,0
241100201,2411002,SWAT_Default Leg,2,4,1,1,1,1,1,1,0,0,0,255507700,0,7,0
241100301,2411003,BOPE SF Pants,2,4,1,1,1,1,1,1,1440,0,0,255907800,1,7,0
241100302,2411003,BOPE SF Pants,2,4,1,1,1,1,1,1,10080,0,0,255907800,1,7,0
241100303,2411003,BOPE SF Pants,2,4,1,1,1,1,1,1,21600,0,0,255907800,1,7,0
241100304,2411003,BOPE SF Pants,2,4,1,1,1,1,1,1,43200,0,0,255907800,1,7,0
241100305,2411003,BOPE SF Pants,2,4,1,1,1,1,1,1,72000,0,0,255907800,1,7,0
241100306,2411003,BOPE SF Pants,2,4,1,1,1,1,1,1,129600,0,0,255907800,1,7,0
241100401,2411004,Digi CM01,2,4,1,1,1,1,1,1,1440,0,0,255907800,1,7,0
241100402,2411004,Digi CM01,2,4,1,1,1,1,1,1,10080,0,0,255907800,1,7,0
241100403,2411004,Digi CM01,2,4,1,1,1,1,1,1,21600,0,0,255907800,1,7,0
241100404,2411004,Digi CM01,2,4,1,1,1,1,1,1,43200,0,0,255907800,1,7,0
241100405,2411004,Digi CM01,2,4,1,1,1,1,1,1,72000,0,0,255907800,1,7,0
241100406,2411004,Digi CM01,2,4,1,1,1,1,1,1,129600,0,0,255907800,1,7,0
241100501,2411005,SWAT V01 Pants,2,4,1,1,1,1,1,1,1440,0,0,255507700,1,7,0
241100502,2411005,SWAT V01 Pants,2,4,1,1,1,1,1,1,10080,0,0,255507700,1,7,0
241100503,2411005,SWAT V01 Pants,2,4,1,1,1,1,1,1,21600,0,0,255507700,1,7,0
241100504,2411005,SWAT V01 Pants,2,4,1,1,1,1,1,1,43200,0,0,255507700,1,7,0
241100505,2411005,SWAT V01 Pants,2,4,1,1,1,1,1,1,72000,0,0,255507700,1,7,0
241100506,2411005,SWAT V01 Pants,2,4,1,1,1,1,1,1,129600,0,0,255507700,1,7,0
241100601,2411006,Delta Force Pants,2,4,1,1,1,1,1,1,1440,0,0,255907800,1,7,0
241100602,2411006,Delta Force Pants,2,4,1,1,1,1,1,1,10080,0,0,255907800,1,7,0
241100603,2411006,Delta Force Pants,2,4,1,1,1,1,1,1,21600,0,0,255907800,1,7,0
241100604,2411006,Delta Force Pants,2,4,1,1,1,1,1,1,43200,0,0,255907800,1,7,0
241100605,2411006,Delta Force Pants,2,4,1,1,1,1,1,1,72000,0,0,255907800,1,7,0
241100606,2411006,Delta Force Pants,2,4,1,1,1,1,1,1,129600,0,0,255907800,1,7,0
241100701,2411007,Desert Camo Pants,2,4,1,1,1,1,1,1,1440,0,0,255907800,1,7,0
241100702,2411007,Desert Camo Pants,2,4,1,1,1,1,1,1,10080,0,0,255907800,1,7,0
241100703,2411007,Desert Camo Pants,2,4,1,1,1,1,1,1,21600,0,0,255907800,1,7,0
241100704,2411007,Desert Camo Pants,2,4,1,1,1,1,1,1,43200,0,0,255907800,1,7,0
241100705,2411007,Desert Camo Pants,2,4,1,1,1,1,1,1,72000,0,0,255907800,1,7,0
241100706,2411007,Desert Camo Pants,2,4,1,1,1,1,1,1,129600,0,0,255907800,1,7,0
241100801,2411008,Animal_Wolf Leg,2,4,1,1,1,1,1,1,60,0,0,255907800,1,7,0
241100901,2411009,Jin's Leg,2,4,1,1,1,1,1,1,60,0,0,255907800,1,7,0
241101001,2411010,SWAT V02 Pants,2,4,1,1,1,1,1,1,1440,0,0,255507700,1,7,0
241101002,2411010,SWAT V02 Pants,2,4,1,1,1,1,1,1,10080,0,0,255507700,1,7,0
241101003,2411010,SWAT V02 Pants,2,4,1,1,1,1,1,1,21600,0,0,255507700,1,7,0
241101004,2411010,SWAT V02 Pants,2,4,1,1,1,1,1,1,43200,0,0,255507700,1,7,0
241101005,2411010,SWAT V02 Pants,2,4,1,1,1,1,1,1,72000,0,0,255507700,1,7,0
241101006,2411010,SWAT V02 Pants,2,4,1,1,1,1,1,1,129600,0,0,255507700,1,7,0
241101101,2411011,707 Pants,2,4,1,1,1,1,1,1,1440,0,0,255507700,1,7,0
241101102,2411011,707 Pants,2,4,1,1,1,1,1,1,10080,0,0,255507700,1,7,0
241101103,2411011,707 Pants,2,4,1,1,1,1,1,1,21600,0,0,255507700,1,7,0
241101104,2411011,707 Pants,2,4,1,1,1,1,1,1,43200,0,0,255507700,1,7,0
241101105,2411011,707 Pants,2,4,1,1,1,1,1,1,72000,0,0,255507700,1,7,0
241101106,2411011,707 Pants,2,4,1,1,1,1,1,1,129600,0,0,255507700,1,7,0
241101201,2411012,Kim Yellow Leg,2,4,1,1,1,1,1,1,60,3039001,0,255507700,1,7,0
241101301,2411013,SWAT Pants,2,4,1,1,1,1,1,1,1440,0,0,255507700,1,7,0
241101302,2411013,SWAT Pants,2,4,1,1,1,1,1,1,10080,0,0,255507700,1,7,0
241101303,2411013,SWAT Pants,2,4,1,1,1,1,1,1,21600,0,0,255507700,1,7,0
241101304,2411013,SWAT Pants,2,4,1,1,1,1,1,1,43200,0,0,255507700,1,7,0
241101305,2411013,SWAT Pants,2,4,1,1,1,1,1,1,72000,0,0,255507700,1,7,0
241101306,2411013,SWAT Pants,2,4,1,1,1,1,1,1,129600,0,0,255507700,1,7,0
241101401,2411014,Navyseal Pants(Achieve),2,4,1,1,1,1,1,1,1440,3014003,0,255107600,1,7,1
241101402,2411014,Navyseal Pants(Achieve),2,4,1,1,1,1,1,1,10080,3014003,0,255107600,1,7,1
241101403,2411014,Navyseal Pants(Achieve),2,4,1,1,1,1,1,1,21600,3014003,0,255107600,1,7,1
241101404,2411014,Navyseal Pants(Achieve),2,4,1,1,1,1,1,1,43200,3014003,0,255107600,1,7,1
241101405,2411014,Navyseal Pants(Achieve),2,4,1,1,1,1,1,1,72000,3014003,0,255107600,1,7,1
241101406,2411014,Navyseal Pants(Achieve),2,4,1,1,1,1,1,1,129600,3014003,0,255107600,1,7,1
241101501,2411015,Officer Suit Pants-A(Achieve),2,4,1,1,1,1,1,1,1440,3014003,0,255107600,1,7,1
241101502,2411015,Officer Suit Pants-A(Achieve),2,4,1,1,1,1,1,1,10080,3014003,0,255107600,1,7,1
241101503,2411015,Officer Suit Pants-A(Achieve),2,4,1,1,1,1,1,1,21600,3014003,0,255107600,1,7,1
241101504,2411015,Officer Suit Pants-A(Achieve),2,4,1,1,1,1,1,1,43200,3014003,0,255107600,1,7,1
241101505,2411015,Officer Suit Pants-A(Achieve),2,4,1,1,1,1,1,1,72000,3014003,0,255107600,1,7,1
241101506,2411015,Officer Suit Pants-A(Achieve),2,4,1,1,1,1,1,1,129600,3014003,0,255107600,1,7,1
241101601,2411016,Officer Suit Pants-B(Achieve),2,4,1,1,1,1,1,1,1440,3014003,0,255107600,1,7,1
241101602,2411016,Officer Suit Pants-B(Achieve),2,4,1,1,1,1,1,1,10080,3014003,0,255107600,1,7,1
241101603,2411016,Officer Suit Pants-B(Achieve),2,4,1,1,1,1,1,1,21600,3014003,0,255107600,1,7,1
241101604,2411016,Officer Suit Pants-B(Achieve),2,4,1,1,1,1,1,1,43200,3014003,0,255107600,1,7,1
241101605,2411016,Officer Suit Pants-B(Achieve),2,4,1,1,1,1,1,1,72000,3014003,0,255107600,1,7,1
241101606,2411016,Officer Suit Pants-B(Achieve),2,4,1,1,1,1,1,1,129600,3014003,0,255107600,1,7,1
241101701,2411017,Officer Suit Pants-C(Achieve),2,4,1,1,1,1,1,1,1440,3014003,0,255107600,1,7,1
241101702,2411017,Officer Suit Pants-C(Achieve),2,4,1,1,1,1,1,1,10080,3014003,0,255107600,1,7,1
241101703,2411017,Officer Suit Pants-C(Achieve),2,4,1,1,1,1,1,1,21600,3014003,0,255107600,1,7,1
241101704,2411017,Officer Suit Pants-C(Achieve),2,4,1,1,1,1,1,1,43200,3014003,0,255107600,1,7,1
241101705,2411017,Officer Suit Pants-C(Achieve),2,4,1,1,1,1,1,1,72000,3014003,0,255107600,1,7,1
241101706,2411017,Officer Suit Pants-C(Achieve),2,4,1,1,1,1,1,1,129600,3014003,0,255107600,1,7,1
241101801,2411018,Officer Suit Pants-D(Achieve),2,4,1,1,1,1,1,1,1440,3014003,0,255107600,1,7,1
241101802,2411018,Officer Suit Pants-D(Achieve),2,4,1,1,1,1,1,1,10080,3014003,0,255107600,1,7,1
241101803,2411018,Officer Suit Pants-D(Achieve),2,4,1,1,1,1,1,1,21600,3014003,0,255107600,1,7,1
241101804,2411018,Officer Suit Pants-D(Achieve),2,4,1,1,1,1,1,1,43200,3014003,0,255107600,1,7,1
241101805,2411018,Officer Suit Pants-D(Achieve),2,4,1,1,1,1,1,1,72000,3014003,0,255107600,1,7,1
241101806,2411018,Officer Suit Pants-D(Achieve),2,4,1,1,1,1,1,1,129600,3014003,0,255107600,1,7,1
241101901,2411019,Forest Camo Pants(Achieve),2,4,1,1,1,1,1,1,1440,3014003,0,255107600,1,7,1
241101902,2411019,Forest Camo Pants(Achieve),2,4,1,1,1,1,1,1,10080,3014003,0,255107600,1,7,1
241101903,2411019,Forest Camo Pants(Achieve),2,4,1,1,1,1,1,1,21600,3014003,0,255107600,1,7,1
241101904,2411019,Forest Camo Pants(Achieve),2,4,1,1,1,1,1,1,43200,3014003,0,255107600,1,7,1
241101905,2411019,Forest Camo Pants(Achieve),2,4,1,1,1,1,1,1,72000,3014003,0,255107600,1,7,1
241101906,2411019,Forest Camo Pants(Achieve),2,4,1,1,1,1,1,1,129600,3014003,0,255107600,1,7,1
241102001,2411020,Sheriff Slacks(Achieve),2,4,1,1,1,1,1,1,1440,3014003,0,255107600,1,7,1
241102002,2411020,Sheriff Slacks(Achieve),2,4,1,1,1,1,1,1,10080,3014003,0,255107600,1,7,1
241102003,2411020,Sheriff Slacks(Achieve),2,4,1,1,1,1,1,1,21600,3014003,0,255107600,1,7,1
241102004,2411020,Sheriff Slacks(Achieve),2,4,1,1,1,1,1,1,43200,3014003,0,255107600,1,7,1
241102005,2411020,Sheriff Slacks(Achieve),2,4,1,1,1,1,1,1,72000,3014003,0,255107600,1,7,1
241102006,2411020,Sheriff Slacks(Achieve),2,4,1,1,1,1,1,1,129600,3014003,0,255107600,1,7,1
241102101,2411021,Black Slacks(Achieve),2,4,1,1,1,1,1,1,1440,3014003,0,255107600,1,7,1
241102102,2411021,Black Slacks(Achieve),2,4,1,1,1,1,1,1,10080,3014003,0,255107600,1,7,1
241102103,2411021,Black Slacks(Achieve),2,4,1,1,1,1,1,1,21600,3014003,0,255107600,1,7,1
241102104,2411021,Black Slacks(Achieve),2,4,1,1,1,1,1,1,43200,3014003,0,255107600,1,7,1
241102105,2411021,Black Slacks(Achieve),2,4,1,1,1,1,1,1,72000,3014003,0,255107600,1,7,1
241102106,2411021,Black Slacks(Achieve),2,4,1,1,1,1,1,1,129600,3014003,0,255107600,1,7,1
241102201,2411022,SWAT Commando Pants,2,4,1,1,1,1,1,1,1440,0,0,255507700,1,7,0
241102202,2411022,SWAT Commando Pants,2,4,1,1,1,1,1,1,10080,0,0,255507700,1,7,0
241102203,2411022,SWAT Commando Pants,2,4,1,1,1,1,1,1,21600,0,0,255507700,1,7,0
241102204,2411022,SWAT Commando Pants,2,4,1,1,1,1,1,1,43200,0,0,255507700,1,7,0
241102205,2411022,SWAT Commando Pants,2,4,1,1,1,1,1,1,72000,0,0,255507700,1,7,0
241102206,2411022,SWAT Commando Pants,2,4,1,1,1,1,1,1,129600,0,0,255507700,1,7,0
241102301,2411023,Bike Pants,2,4,1,1,1,1,1,0,1440,3014010,0,255907800,0,7,0
241102302,2411023,Bike Pants,2,4,1,1,1,1,1,0,10080,3014010,0,255907800,0,7,0
241102303,2411023,Bike Pants,2,4,1,1,1,1,1,0,21600,3014010,0,255907800,0,7,0
241102304,2411023,Bike Pants,2,4,1,1,1,1,1,0,43200,3014010,0,255907800,0,7,0
241102305,2411023,Bike Pants,2,4,1,1,1,1,1,0,72000,3014010,0,255907800,0,7,0
241102306,2411023,Bike Pants,2,4,1,1,1,1,1,0,129600,3014010,0,255907800,0,7,0
241102401,2411024,RiotGear Pants,2,4,1,1,1,1,1,0,1440,3014010,0,255907800,0,7,0
241102402,2411024,RiotGear Pants,2,4,1,1,1,1,1,0,10080,3014010,0,255907800,0,7,0
241102403,2411024,RiotGear Pants,2,4,1,1,1,1,1,0,21600,3014010,0,255907800,0,7,0
241102404,2411024,RiotGear Pants,2,4,1,1,1,1,1,0,43200,3014010,0,255907800,0,7,0
241102405,2411024,RiotGear Pants,2,4,1,1,1,1,1,0,72000,3014010,0,255907800,0,7,0
241102406,2411024,RiotGear Pants,2,4,1,1,1,1,1,0,129600,3014010,0,255907800,0,7,0
241102501,2411025,NOCS Pants,2,4,1,1,1,1,1,0,1440,3014010,0,255907800,0,7,0
241102502,2411025,NOCS Pants,2,4,1,1,1,1,1,0,10080,3014010,0,255907800,0,7,0
241102503,2411025,NOCS Pants,2,4,1,1,1,1,1,0,21600,3014010,0,255907800,0,7,0
241102504,2411025,NOCS Pants,2,4,1,1,1,1,1,0,43200,3014010,0,255907800,0,7,0
241102505,2411025,NOCS Pants,2,4,1,1,1,1,1,0,72000,3014010,0,255907800,0,7,0
241102506,2411025,NOCS Pants,2,4,1,1,1,1,1,0,129600,3014010,0,255907800,0,7,0
241102601,2411026,Rudolph Leg,2,4,1,1,1,1,1,1,1440,0,0,255907800,1,7,0
241102701,2411027,Arctic Pants,2,4,1,1,1,1,1,0,1440,3014010,0,255907800,0,7,0
241102702,2411027,Arctic Pants,2,4,1,1,1,1,1,0,10080,3014010,0,255907800,0,7,0
241102703,2411027,Arctic Pants,2,4,1,1,1,1,1,0,21600,3014010,0,255907800,0,7,0
241102704,2411027,Arctic Pants,2,4,1,1,1,1,1,0,43200,3014010,0,255907800,0,7,0
241102705,2411027,Arctic Pants,2,4,1,1,1,1,1,0,72000,3014010,0,255907800,0,7,0
241102706,2411027,Arctic Pants,2,4,1,1,1,1,1,0,129600,3014010,0,255907800,0,7,0
241102801,2411028,Snow Camo Pants,2,4,1,1,1,1,1,0,1440,3014010,0,255907800,0,7,0
241102802,2411028,Snow Camo Pants,2,4,1,1,1,1,1,0,10080,3014010,0,255907800,0,7,0
241102803,2411028,Snow Camo Pants,2,4,1,1,1,1,1,0,21600,3014010,0,255907800,0,7,0
241102804,2411028,Snow Camo Pants,2,4,1,1,1,1,1,0,43200,3014010,0,255907800,0,7,0
241102805,2411028,Snow Camo Pants,2,4,1,1,1,1,1,0,72000,3014010,0,255907800,0,7,0
241102806,2411028,Snow Camo Pants,2,4,1,1,1,1,1,0,129600,3014010,0,255907800,0,7,0
241102901,2411029,BDU Ripstop Pants,2,4,1,1,1,1,1,0,1440,0,0,255907800,0,7,0
241102902,2411029,BDU Ripstop Pants,2,4,1,1,1,1,1,0,10080,0,0,255907800,0,7,0
241102903,2411029,BDU Ripstop Pants,2,4,1,1,1,1,1,0,21600,0,0,255907800,0,7,0
241102904,2411029,BDU Ripstop Pants,2,4,1,1,1,1,1,0,43200,0,0,255907800,0,7,0
241102905,2411029,BDU Ripstop Pants,2,4,1,1,1,1,1,0,72000,0,0,255907800,0,7,0
241102906,2411029,BDU Ripstop Pants,2,4,1,1,1,1,1,0,129600,0,0,255907800,0,7,0
241103001,2411030,Black Slacks_Cash,2,4,1,1,1,1,1,0,1440,3014010,0,255907800,0,7,0
241103002,2411030,Black Slacks_Cash,2,4,1,1,1,1,1,0,10080,3014010,0,255907800,0,7,0
241103003,2411030,Black Slacks_Cash,2,4,1,1,1,1,1,0,21600,3014010,0,255907800,0,7,0
241103004,2411030,Black Slacks_Cash,2,4,1,1,1,1,1,0,43200,3014010,0,255907800,0,7,0
241103005,2411030,Black Slacks_Cash,2,4,1,1,1,1,1,0,72000,3014010,0,255907800,0,7,0
241103006,2411030,Black Slacks_Cash,2,4,1,1,1,1,1,0,129600,3014010,0,255907800,0,7,0
241103101,2411031,Navyseal Pants_Cash,2,4,1,1,1,1,1,0,1440,3014010,0,255907800,0,7,0
241103102,2411031,Navyseal Pants_Cash,2,4,1,1,1,1,1,0,10080,3014010,0,255907800,0,7,0
241103103,2411031,Navyseal Pants_Cash,2,4,1,1,1,1,1,0,21600,3014010,0,255907800,0,7,0
241103104,2411031,Navyseal Pants_Cash,2,4,1,1,1,1,1,0,43200,3014010,0,255907800,0,7,0
241103105,2411031,Navyseal Pants_Cash,2,4,1,1,1,1,1,0,72000,3014010,0,255907800,0,7,0
241103106,2411031,Navyseal Pants_Cash,2,4,1,1,1,1,1,0,129600,3014010,0,255907800,0,7,0
241103201,2411032,Forest Camo Pants_Cash,2,4,1,1,1,1,1,0,1440,3014010,0,255907800,0,7,0
241103202,2411032,Forest Camo Pants_Cash,2,4,1,1,1,1,1,0,10080,3014010,0,255907800,0,7,0
241103203,2411032,Forest Camo Pants_Cash,2,4,1,1,1,1,1,0,21600,3014010,0,255907800,0,7,0
241103204,2411032,Forest Camo Pants_Cash,2,4,1,1,1,1,1,0,43200,3014010,0,255907800,0,7,0
241103205,2411032,Forest Camo Pants_Cash,2,4,1,1,1,1,1,0,72000,3014010,0,255907800,0,7,0
241103206,2411032,Forest Camo Pants_Cash,2,4,1,1,1,1,1,0,129600,3014010,0,255907800,0,7,0
241103301,2411033,Sheriff Slacks_Cash,2,4,1,1,1,1,1,0,1440,3014010,0,255907800,0,7,0
241103302,2411033,Sheriff Slacks_Cash,2,4,1,1,1,1,1,0,10080,3014010,0,255907800,0,7,0
241103303,2411033,Sheriff Slacks_Cash,2,4,1,1,1,1,1,0,21600,3014010,0,255907800,0,7,0
241103304,2411033,Sheriff Slacks_Cash,2,4,1,1,1,1,1,0,43200,3014010,0,255907800,0,7,0
241103305,2411033,Sheriff Slacks_Cash,2,4,1,1,1,1,1,0,72000,3014010,0,255907800,0,7,0
241103306,2411033,Sheriff Slacks_Cash,2,4,1,1,1,1,1,0,129600,3014010,0,255907800,0,7,0
241103401,2411034,NOCS Pants_A-Type,2,4,1,1,1,1,1,0,1440,3030002,0,255907800,0,7,0
241103402,2411034,NOCS Pants_A-Type,2,4,1,1,1,1,1,0,10080,3030002,0,255907800,0,7,0
241103403,2411034,NOCS Pants_A-Type,2,4,1,1,1,1,1,0,21600,3030002,0,255907800,0,7,0
241103404,2411034,NOCS Pants_A-Type,2,4,1,1,1,1,1,0,43200,3030002,0,255907800,0,7,0
241103405,2411034,NOCS Pants_A-Type,2,4,1,1,1,1,1,0,72000,3030002,0,255907800,0,7,0
241103406,2411034,NOCS Pants_A-Type,2,4,1,1,1,1,1,0,129600,3030002,0,255907800,0,7,0
241103501,2411035,Black Trouser,2,4,1,1,1,1,1,0,1440,0,0,255907800,0,7,0
241103502,2411035,Black Trouser,2,4,1,1,1,1,1,0,10080,0,0,255907800,0,7,0
241103503,2411035,Black Trouser,2,4,1,1,1,1,1,0,21600,0,0,255907800,0,7,0
241103504,2411035,Black Trouser,2,4,1,1,1,1,1,0,43200,0,0,255907800,0,7,0
241103505,2411035,Black Trouser,2,4,1,1,1,1,1,0,72000,0,0,255907800,0,7,0
241103506,2411035,Black Trouser,2,4,1,1,1,1,1,0,129600,0,0,255907800,0,7,0
241199701,2411997,Swap TEST_Leg_S,2,4,1,1,1,1,1,1,1440,3030001,0,255907800,1,7,0
241199801,2411998,Reload TEST_Leg_S,2,4,1,1,1,1,1,1,1440,3029001,0,255907800,1,7,0
241199901,2411999,S_SwimSpeed,2,4,1,1,1,1,1,1,1440,3022001,0,255907800,1,7,0
241200101,2412001,Tactical Pants,2,4,1,2,1,2,1,1,1440,0,0,255907800,1,7,0
241200102,2412001,Tactical Pants,2,4,1,2,1,2,1,1,10080,0,0,255907800,1,7,0
241200103,2412001,Tactical Pants,2,4,1,2,1,2,1,1,21600,0,0,255907800,1,7,0
241200104,2412001,Tactical Pants,2,4,1,2,1,2,1,1,43200,0,0,255907800,1,7,0
241200105,2412001,Tactical Pants,2,4,1,2,1,2,1,1,72000,0,0,255907800,1,7,0
241200106,2412001,Tactical Pants,2,4,1,2,1,2,1,1,129600,0,0,255907800,1,7,0
241200201,2412002,SWAT Extreme Pants,2,4,1,2,1,2,1,1,1440,0,0,255907800,1,7,0
241200202,2412002,SWAT Extreme Pants,2,4,1,2,1,2,1,1,10080,0,0,255907800,1,7,0
241200203,2412002,SWAT Extreme Pants,2,4,1,2,1,2,1,1,21600,0,0,255907800,1,7,0
241200204,2412002,SWAT Extreme Pants,2,4,1,2,1,2,1,1,43200,0,0,255907800,1,7,0
241200205,2412002,SWAT Extreme Pants,2,4,1,2,1,2,1,1,72000,0,0,255907800,1,7,0
241200206,2412002,SWAT Extreme Pants,2,4,1,2,1,2,1,1,129600,0,0,255907800,1,7,0
241200301,2412003,swat_woman_2 Pants,2,4,1,2,1,2,1,1,1440,0,0,255907800,1,7,0
241200302,2412003,swat_woman_2 Pants,2,4,1,2,1,2,1,1,10080,0,0,255907800,1,7,0
241200303,2412003,swat_woman_2 Pants,2,4,1,2,1,2,1,1,21600,0,0,255907800,1,7,0
241200304,2412003,swat_woman_2 Pants,2,4,1,2,1,2,1,1,43200,0,0,255907800,1,7,0
241200305,2412003,swat_woman_2 Pants,2,4,1,2,1,2,1,1,72000,0,0,255907800,1,7,0
241200501,2412005,Lifeguard Bottom,2,4,1,2,1,2,1,0,1440,0,0,255907800,0,7,0
241200502,2412005,Lifeguard Bottom,2,4,1,2,1,2,1,0,10080,0,0,255907800,0,7,0
241200503,2412005,Lifeguard Bottom,2,4,1,2,1,2,1,0,21600,0,0,255907800,0,7,0
241200504,2412005,Lifeguard Bottom,2,4,1,2,1,2,1,0,43200,0,0,255907800,0,7,0
241200505,2412005,Lifeguard Bottom,2,4,1,2,1,2,1,0,72000,0,0,255907800,0,7,0
241200506,2412005,Lifeguard Bottom,2,4,1,2,1,2,1,0,129600,0,0,255907800,0,7,0
241200701,2412007,SWAT_Nurse Leg,2,4,1,2,1,2,1,0,1440,0,0,255907800,0,7,0
241200702,2412007,SWAT_Nurse Leg,2,4,1,2,1,2,1,0,10080,0,0,255907800,0,7,0
241200703,2412007,SWAT_Nurse Leg,2,4,1,2,1,2,1,0,21600,0,0,255907800,0,7,0
241200704,2412007,SWAT_Nurse Leg,2,4,1,2,1,2,1,0,43200,0,0,255907800,0,7,0
241200705,2412007,SWAT_Nurse Leg,2,4,1,2,1,2,1,0,72000,0,0,255907800,0,7,0
241200706,2412007,SWAT_Nurse Leg,2,4,1,2,1,2,1,0,129600,0,0,255907800,0,7,0
241209901,2412099,Angelina Default Leg,2,4,1,2,1,2,1,1,1440,0,0,255907800,1,7,0
241300101,2413001,Prisoner Pants,2,4,1,3,2,1,1,1,1440,0,0,259507700,1,7,0
241300102,2413001,Prisoner Pants,2,4,1,3,2,1,1,1,10080,0,0,259507700,1,7,0
241300103,2413001,Prisoner Pants,2,4,1,3,2,1,1,1,21600,0,0,259507700,1,7,0
241300104,2413001,Prisoner Pants,2,4,1,3,2,1,1,1,43200,0,0,259507700,1,7,0
241300105,2413001,Prisoner Pants,2,4,1,3,2,1,1,1,72000,0,0,259507700,1,7,0
241300106,2413001,Prisoner Pants,2,4,1,3,2,1,1,1,129600,0,0,259507700,1,7,0
241300201,2413002,Sweat Pants,2,4,1,3,2,1,1,1,1440,0,0,259507700,1,7,0
241300202,2413002,Sweat Pants,2,4,1,3,2,1,1,1,10080,0,0,259507700,1,7,0
241300203,2413002,Sweat Pants,2,4,1,3,2,1,1,1,21600,0,0,259507700,1,7,0
241300204,2413002,Sweat Pants,2,4,1,3,2,1,1,1,43200,0,0,259507700,1,7,0
241300205,2413002,Sweat Pants,2,4,1,3,2,1,1,1,72000,0,0,259507700,1,7,0
241300206,2413002,Sweat Pants,2,4,1,3,2,1,1,1,129600,0,0,259507700,1,7,0
241300301,2413003,Animal_Pig Leg,2,4,1,3,2,1,1,1,60,0,0,259907800,1,7,0
241300401,2413004,Hiphop Jeans H01(Achieve),2,4,1,3,2,1,1,1,1440,3014003,0,259107600,1,7,1
241300402,2413004,Hiphop Jeans H01(Achieve),2,4,1,3,2,1,1,1,10080,3014003,0,259107600,1,7,1
241300403,2413004,Hiphop Jeans H01(Achieve),2,4,1,3,2,1,1,1,21600,3014003,0,259107600,1,7,1
241300404,2413004,Hiphop Jeans H01(Achieve),2,4,1,3,2,1,1,1,43200,3014003,0,259107600,1,7,1
241300405,2413004,Hiphop Jeans H01(Achieve),2,4,1,3,2,1,1,1,72000,3014003,0,259107600,1,7,1
241300406,2413004,Hiphop Jeans H01(Achieve),2,4,1,3,2,1,1,1,129600,3014003,0,259107600,1,7,1
241300501,2413005,Gangster_Default Leg,2,4,1,3,2,1,1,1,0,0,0,259507700,0,7,0
241300601,2413006,City Warrior(Achieve),2,4,1,3,2,1,1,1,1440,3014003,0,259107600,1,7,1
241300602,2413006,City Warrior(Achieve),2,4,1,3,2,1,1,1,10080,3014003,0,259107600,1,7,1
241300603,2413006,City Warrior(Achieve),2,4,1,3,2,1,1,1,21600,3014003,0,259107600,1,7,1
241300604,2413006,City Warrior(Achieve),2,4,1,3,2,1,1,1,43200,3014003,0,259107600,1,7,1
241300605,2413006,City Warrior(Achieve),2,4,1,3,2,1,1,1,72000,3014003,0,259107600,1,7,1
241300606,2413006,City Warrior(Achieve),2,4,1,3,2,1,1,1,129600,3014003,0,259107600,1,7,1
241300701,2413007,Shooting Star,2,4,1,3,2,1,1,1,1440,0,0,259507700,1,7,0
241300702,2413007,Shooting Star,2,4,1,3,2,1,1,1,10080,0,0,259507700,1,7,0
241300703,2413007,Shooting Star,2,4,1,3,2,1,1,1,21600,0,0,259507700,1,7,0
241300704,2413007,Shooting Star,2,4,1,3,2,1,1,1,43200,0,0,259507700,1,7,0
241300705,2413007,Shooting Star,2,4,1,3,2,1,1,1,72000,0,0,259507700,1,7,0
241300706,2413007,Shooting Star,2,4,1,3,2,1,1,1,129600,0,0,259507700,1,7,0
241300801,2413008,Riding Pants,2,4,1,3,2,1,1,0,1440,3014010,0,259907800,0,7,0
241300802,2413008,Riding Pants,2,4,1,3,2,1,1,0,10080,3014010,0,259907800,0,7,0
241300803,2413008,Riding Pants,2,4,1,3,2,1,1,0,21600,3014010,0,259907800,0,7,0
241300804,2413008,Riding Pants,2,4,1,3,2,1,1,0,43200,3014010,0,259907800,0,7,0
241300805,2413008,Riding Pants,2,4,1,3,2,1,1,0,72000,3014010,0,259907800,0,7,0
241300806,2413008,Riding Pants,2,4,1,3,2,1,1,0,129600,3014010,0,259907800,0,7,0
241300901,2413009,Panzer(Achieve),2,4,1,3,2,1,1,1,1440,3014003,0,259107600,1,7,1
241300902,2413009,Panzer(Achieve),2,4,1,3,2,1,1,1,10080,3014003,0,259107600,1,7,1
241300903,2413009,Panzer(Achieve),2,4,1,3,2,1,1,1,21600,3014003,0,259107600,1,7,1
241300904,2413009,Panzer(Achieve),2,4,1,3,2,1,1,1,43200,3014003,0,259107600,1,7,1
241300905,2413009,Panzer(Achieve),2,4,1,3,2,1,1,1,72000,3014003,0,259107600,1,7,1
241300906,2413009,Panzer(Achieve),2,4,1,3,2,1,1,1,129600,3014003,0,259107600,1,7,1
241301001,2413010,Spunky(Achieve),2,4,1,3,2,1,1,1,1440,3014003,0,259107600,1,7,1
241301002,2413010,Spunky(Achieve),2,4,1,3,2,1,1,1,10080,3014003,0,259107600,1,7,1
241301003,2413010,Spunky(Achieve),2,4,1,3,2,1,1,1,21600,3014003,0,259107600,1,7,1
241301004,2413010,Spunky(Achieve),2,4,1,3,2,1,1,1,43200,3014003,0,259107600,1,7,1
241301005,2413010,Spunky(Achieve),2,4,1,3,2,1,1,1,72000,3014003,0,259107600,1,7,1
241301006,2413010,Spunky(Achieve),2,4,1,3,2,1,1,1,129600,3014003,0,259107600,1,7,1
241301101,2413011,Mad's Leg,2,4,1,3,2,1,1,1,60,0,0,259907800,1,7,0
241301201,2413012,Kim Black Leg,2,4,1,3,2,1,1,1,60,3039001,0,259907800,1,7,0
241301301,2413013,Vintage Jeans,2,4,1,3,2,1,1,1,1440,0,0,259507700,1,7,0
241301302,2413013,Vintage Jeans,2,4,1,3,2,1,1,1,10080,0,0,259507700,1,7,0
241301303,2413013,Vintage Jeans,2,4,1,3,2,1,1,1,21600,0,0,259507700,1,7,0
241301304,2413013,Vintage Jeans,2,4,1,3,2,1,1,1,43200,0,0,259507700,1,7,0
241301305,2413013,Vintage Jeans,2,4,1,3,2,1,1,1,72000,0,0,259507700,1,7,0
241301306,2413013,Vintage Jeans,2,4,1,3,2,1,1,1,129600,0,0,259507700,1,7,0
241301401,2413014,Premium Jean-A(Achieve),2,4,1,3,2,1,1,1,1440,3014003,0,259107600,1,7,1
241301402,2413014,Premium Jean-A(Achieve),2,4,1,3,2,1,1,1,10080,3014003,0,259107600,1,7,1
241301403,2413014,Premium Jean-A(Achieve),2,4,1,3,2,1,1,1,21600,3014003,0,259107600,1,7,1
241301404,2413014,Premium Jean-A(Achieve),2,4,1,3,2,1,1,1,43200,3014003,0,259107600,1,7,1
241301405,2413014,Premium Jean-A(Achieve),2,4,1,3,2,1,1,1,72000,3014003,0,259107600,1,7,1
241301406,2413014,Premium Jean-A(Achieve),2,4,1,3,2,1,1,1,129600,3014003,0,259107600,1,7,1
241301501,2413015,Premium Jean-B(Achieve),2,4,1,3,2,1,1,1,1440,3014003,0,259107600,1,7,1
241301502,2413015,Premium Jean-B(Achieve),2,4,1,3,2,1,1,1,10080,3014003,0,259107600,1,7,1
241301503,2413015,Premium Jean-B(Achieve),2,4,1,3,2,1,1,1,21600,3014003,0,259107600,1,7,1
241301504,2413015,Premium Jean-B(Achieve),2,4,1,3,2,1,1,1,43200,3014003,0,259107600,1,7,1
241301505,2413015,Premium Jean-B(Achieve),2,4,1,3,2,1,1,1,72000,3014003,0,259107600,1,7,1
241301506,2413015,Premium Jean-B(Achieve),2,4,1,3,2,1,1,1,129600,3014003,0,259107600,1,7,1
241301601,2413016,Premium Jean-C(Achieve),2,4,1,3,2,1,1,1,1440,3014003,0,259107600,1,7,1
241301602,2413016,Premium Jean-C(Achieve),2,4,1,3,2,1,1,1,10080,3014003,0,259107600,1,7,1
241301603,2413016,Premium Jean-C(Achieve),2,4,1,3,2,1,1,1,21600,3014003,0,259107600,1,7,1
241301604,2413016,Premium Jean-C(Achieve),2,4,1,3,2,1,1,1,43200,3014003,0,259107600,1,7,1
241301605,2413016,Premium Jean-C(Achieve),2,4,1,3,2,1,1,1,72000,3014003,0,259107600,1,7,1
241301606,2413016,Premium Jean-C(Achieve),2,4,1,3,2,1,1,1,129600,3014003,0,259107600,1,7,1
241301701,2413017,Premium Jean-D(Achieve),2,4,1,3,2,1,1,1,1440,3014003,0,259107600,1,7,1
241301702,2413017,Premium Jean-D(Achieve),2,4,1,3,2,1,1,1,10080,3014003,0,259107600,1,7,1
241301703,2413017,Premium Jean-D(Achieve),2,4,1,3,2,1,1,1,21600,3014003,0,259107600,1,7,1
241301704,2413017,Premium Jean-D(Achieve),2,4,1,3,2,1,1,1,43200,3014003,0,259107600,1,7,1
241301705,2413017,Premium Jean-D(Achieve),2,4,1,3,2,1,1,1,72000,3014003,0,259107600,1,7,1
241301706,2413017,Premium Jean-D(Achieve),2,4,1,3,2,1,1,1,129600,3014003,0,259107600,1,7,1
241301801,2413018,Animal_Duck Leg,2,4,1,3,2,1,1,1,1440,0,0,259507700,1,7,0
241301901,2413019,Paleblue Trousers,2,4,1,3,2,1,1,1,1440,0,0,259907800,1,7,0
241301902,2413019,Paleblue Trousers,2,4,1,3,2,1,1,1,10080,0,0,259907800,1,7,0
241301903,2413019,Paleblue Trousers,2,4,1,3,2,1,1,1,21600,0,0,259907800,1,7,0
241301904,2413019,Paleblue Trousers,2,4,1,3,2,1,1,1,43200,0,0,259907800,1,7,0
241301905,2413019,Paleblue Trousers,2,4,1,3,2,1,1,1,72000,0,0,259907800,1,7,0
241301906,2413019,Paleblue Trousers,2,4,1,3,2,1,1,1,129600,0,0,259907800,1,7,0
241302001,2413020,Jogging Suit,2,4,1,3,2,1,1,1,1440,0,0,259507700,1,7,0
241302002,2413020,Jogging Suit,2,4,1,3,2,1,1,1,10080,0,0,259507700,1,7,0
241302003,2413020,Jogging Suit,2,4,1,3,2,1,1,1,21600,0,0,259507700,1,7,0
241302004,2413020,Jogging Suit,2,4,1,3,2,1,1,1,43200,0,0,259507700,1,7,0
241302005,2413020,Jogging Suit,2,4,1,3,2,1,1,1,72000,0,0,259507700,1,7,0
241302006,2413020,Jogging Suit,2,4,1,3,2,1